strain	year	country	state	rflp	lineage
OR293404|USA/IA/35332/2003|2003|USA_IA|1-4-4|L1A	2003	USA	IA	1-4-4	L1A
EU756373|PRRSV0000005395|2005|USA_NC|1-7-4|L1A	2005	USA	NC	1-7-4	L1A
KU502177|PRRSV2-USA-CB646-2006|2006|USA|1-3-4|L1A	2006	USA		1-3-4	L1A
OR293405|USA/MN/39523-B/2008|2008|USA_MN|1-4-4|L1A	2008	USA	MN	1-4-4	L1A
OR293406|USA/IA/22740-41/2010|2010|USA_IA|1-4-4|L1A	2010	USA	IA	1-4-4	L1A
OR293407|USA/IA/18397-5/2012|2012|USA_IA|1-4-2|L1A	2012	USA	IA	1-4-2	L1A
KU503829|PRRSV2-USA-LS904-2013|2013|USA|1-7-4|L1A	2013	USA		1-7-4	L1A
KT904645|PRRSV2-USA-AP1958-2014|2014|USA|1-7-4|L1A	2014	USA		1-7-4	L1A
KT904878|PRRSV2-USA-AP2395-2014|2014|USA|1-7-4|L1A	2014	USA		1-7-4	L1A
MF326985|IA-2014-NADC34|2014|USA_IA|1-7-4|L1A	2014	USA	IA	1-7-4	L1A
MN498512|13336|2015|USA|1-7-4|L1A	2015	USA		1-7-4	L1A
MN500878|12233|2015|USA|1-7-4|L1A	2015	USA		1-7-4	L1A
OR293408|USA/NC/41230-1/2015|2015|USA_NC|1-6-4|L1A	2015	USA	NC	1-6-4	L1A
OR293409|USA/IA/49844-2/2015|2015|USA_IA|1-7-4|L1A	2015	USA	IA	1-7-4	L1A
OR293410|USA/IA/74466-1/2015|2015|USA_IA|1-7-4|L1A	2015	USA	IA	1-7-4	L1A
OR293411|USA/NC/74759-1/2015|2015|USA_NC|1-7-4|L1A	2015	USA	NC	1-7-4	L1A
OR293412|USA/MO/348-GA/2015|2015|USA_MO|1-7-4|L1A	2015	USA	MO	1-7-4	L1A
OR293413|USA/IA/27565-GA/2015|2015|USA_IA|1-7-4|L1A	2015	USA	IA	1-7-4	L1A
MN498961|13594|2016|USA|1-7-4|L1A	2016	USA		1-7-4	L1A
MN500454|12735|2016|USA|1-4-4|L1A	2016	USA		1-4-4	L1A
OR293414|USA/NC/4290-GM/2016|2016|USA_NC|1-6-4|L1A	2016	USA	NC	1-6-4	L1A
OR293415|USA/NC/12080-1/2016|2016|USA_NC|1-7-4|L1A	2016	USA	NC	1-7-4	L1A
OR293416|USA/IA/17031-A/2016|2016|USA_IA|1-7-4|L1A	2016	USA	IA	1-7-4	L1A
OR293417|USA/IL/21554-GF/2016|2016|USA_IL|1-7-4|L1A	2016	USA	IL	1-7-4	L1A
OR293418|USA/NE/38782-1/2016|2016|USA_NE|1-7-4|L1A	2016	USA	NE	1-7-4	L1A
OR293419|USA/NC/52464-A/2016|2016|USA_NC|1-4-3|L1A	2016	USA	NC	1-4-3	L1A
OR293420|USA/IA/64803-2/2016|2016|USA_IA|1-7-4|L1A	2016	USA	IA	1-7-4	L1A
MN498295|14419|2017|USA|1-7-4|L1A	2017	USA		1-7-4	L1A
MN500259|14233|2017|USA|1-7-4|L1A	2017	USA		1-7-4	L1A
MN501002|13194|2017|USA|1-4-3|L1A	2017	USA		1-4-3	L1A
OR293421|USA/IA/7816/2017|2017|USA_IA|1-4-4|L1A	2017	USA	IA	1-4-4	L1A
OR293422|USA/NC/12090/2017|2017|USA_NC|1-7-4|L1A	2017	USA	NC	1-7-4	L1A
OR293423|USA/IA/2371-2/2017|2017|USA_IA|1-7-4|L1A	2017	USA	IA	1-7-4	L1A
OR293424|USA/IA/11611-1/2017|2017|USA_IA|1-7-4|L1A	2017	USA	IA	1-7-4	L1A
OR293425|USA/MO/32514-1/2017|2017|USA_MO|1-8-4|L1A	2017	USA	MO	1-8-4	L1A
OR293426|USA/IN/57863-1/2017|2017|USA_IN|1-7-4|L1A	2017	USA	IN	1-7-4	L1A
OR293427|USA/MO/60435-GB/2017|2017|USA_MO|1-8-4|L1A	2017	USA	MO	1-8-4	L1A
OR293428|USA/IA/3303-1/2018|2018|USA_IA|1-7-4|L1A	2018	USA	IA	1-7-4	L1A
OR293429|USA/NC/15974-1/2018|2018|USA_NC|1-7-4|L1A	2018	USA	NC	1-7-4	L1A
OR293430|USA/IA/27380-6/2018|2018|USA_IA|1-7-2|L1A	2018	USA	IA	1-7-2	L1A
OR293431|USA/IA/34201-GE/2018|2018|USA_IA|1-7-4|L1A	2018	USA	IA	1-7-4	L1A
OR293432|USA/IN/64036-GA/2018|2018|USA_IN|1-7-4|L1A	2018	USA	IN	1-7-4	L1A
OR293433|USA/IA/46708-3/2019|2019|USA_IA|1-4-8|L1A	2019	USA	IA	1-4-8	L1A
OR293434|USA/IA/47424-1/2019|2019|USA_IA|1-4-4|L1A	2019	USA	IA	1-4-4	L1A
OR293435|USA/MO/53930-GA/2019|2019|USA_MO|1-8-4|L1A	2019	USA	MO	1-8-4	L1A
OR293436|USA/IA/81589-1/2019|2019|USA_IA|1-7-4|L1A	2019	USA	IA	1-7-4	L1A
OR293437|USA/IA/90494-1/2019|2019|USA_IA|1-7-4|L1A	2019	USA	IA	1-7-4	L1A
OR293438|USA/IA/91948-2/2019|2019|USA_IA|1-7-4|L1A	2019	USA	IA	1-7-4	L1A
OR293439|USA/NE/12645-GA/2020|2020|USA_NE|1-7-4|L1A	2020	USA	NE	1-7-4	L1A
OR293440|USA/IA/18273-2/2020|2020|USA_IA|1-6-4|L1A	2020	USA	IA	1-6-4	L1A
OR293441|USA/IA/19513-GH/2020|2020|USA_IA|1-7-4|L1A	2020	USA	IA	1-7-4	L1A
OR293442|USA/NC/20259-2/2020|2020|USA_NC|1-4-4|L1A	2020	USA	NC	1-4-4	L1A
OR293443|USA/IA/63494-GB/2020|2020|USA_IA|1-7-4|L1A	2020	USA	IA	1-7-4	L1A
OR293444|USA/IN/66096-GA/2020|2020|USA_IN|1-4-4|L1A	2020	USA	IN	1-4-4	L1A
OR293445|USA/IL/6855-1/2020|2020|USA_IL|1-4-4|L1A	2020	USA	IL	1-4-4	L1A
OR293446|USA/IN/91202-GA/2020|2020|USA_IN|1-7-3|L1A	2020	USA	IN	1-7-3	L1A
OR293447|USA/UT/93278-11/2020|2020|USA_UT|1-7-4|L1A	2020	USA	UT	1-7-4	L1A
OR293448|USA/OH/9278-GF/2021|2021|USA_OH|1-7-4|L1A	2021	USA	OH	1-7-4	L1A
OR293449|USA/IA/73735-4/2021|2021|USA_IA|1-7-4|L1A	2021	USA	IA	1-7-4	L1A
OR293450|USA/IA/32364/2006|2006|USA_IA|1-18-1|L1B	2006	USA	IA	1-18-1	L1B
OR293451|USA/IA/40635-B/2006|2006|USA_IA|1-19-4|L1B	2006	USA	IA	1-19-4	L1B
EU758838|PRRSV0000008852|2007|USA_MN|1-24-4|L1B	2007	USA	MN	1-24-4	L1B
OR293452|USA/IA/38780/2007|2007|USA_IA|1-18-4|L1B	2007	USA	IA	1-18-4	L1B
OR293453|USA/IA/17827-1/2007|2007|USA_IA|1-18-4|L1B	2007	USA	IA	1-18-4	L1B
KU503775|PRRSV2-USA-LS849-2008|2008|USA|1-26-2|L1B	2008	USA		1-26-2	L1B
OR293454|USA/MN/9206-2/2008|2008|USA_MN|1-18-2|L1B	2008	USA	MN	1-18-2	L1B
KU503489|PRRSV2-USA-LS534-2009|2009|USA|1-18-2|L1B	2009	USA		1-18-2	L1B
OR293455|USA/IA/1910/2009|2009|USA_IA|1-18-2|L1B	2009	USA	IA	1-18-2	L1B
OR293456|USA/IA/32652/2009|2009|USA_IA|1-18-2|L1B	2009	USA	IA	1-18-2	L1B
KU502325|PRRSV2-USA-CB822-2010|2010|USA|1-18-4|L1B	2010	USA		1-18-4	L1B
OR293457|USA/IA/22080-98/2010|2010|USA_IA|1-18-2|L1B	2010	USA	IA	1-18-2	L1B
KU503668|PRRSV2-USA-LS724-2011|2011|USA|1-18-2|L1B	2011	USA		1-18-2	L1B
MN500451|10958|2011|USA|1-13-2|L1B	2011	USA		1-13-2	L1B
KU502331|PRRSV2-USA-CB828-2012|2012|USA|1-26-2|L1B	2012	USA		1-26-2	L1B
KU503390|PRRSV2-USA-LS380-2012|2012|USA|1-18-2|L1B	2012	USA		1-18-2	L1B
MN499667|11107|2012|USA|1-26-2|L1B	2012	USA		1-26-2	L1B
MN501160|13783|2012|USA|1-18-2|L1B	2012	USA		1-18-2	L1B
OR293458|USA/MI/6293-6/2012|2012|USA_MI|1-18-4|L1B	2012	USA	MI	1-18-4	L1B
KU502529|PRRSV2-USA-LS1041-2013|2013|USA|1-18-2|L1B	2013	USA		1-18-2	L1B
MN498518|11465|2013|USA|1-26-2|L1B	2013	USA		1-26-2	L1B
MN499771|11558|2013|USA|1-26-2|L1B	2013	USA		1-26-2	L1B
OR293459|USA/IA/43233/2013|2013|USA_IA|1-26-2|L1B	2013	USA	IA	1-26-2	L1B
OR293460|USA/IA/40325-70/2013|2013|USA_IA|1-19-6|L1B	2013	USA	IA	1-19-6	L1B
OR293461|USA/IA/8871-A/2014|2014|USA_IA|1-18-2|L1B	2014	USA	IA	1-18-2	L1B
KU502154|PRRSV2-USA-CB621-2015|2015|USA|1-19-2|L1B	2015	USA		1-19-2	L1B
OR293462|USA/MN/29465-42/2015|2015|USA_MN|1-26-2|L1B	2015	USA	MN	1-26-2	L1B
OR293463|USA/NE/31508-GA/2015|2015|USA_NE|1-26-2|L1B	2015	USA	NE	1-26-2	L1B
OR293464|USA/IN/78621-1/2015|2015|USA_IN|1-79-4|L1B	2015	USA	IN	1-79-4	L1B
OR293465|USA/IA/78669-A/2015|2015|USA_IA|1-18-1|L1B	2015	USA	IA	1-18-1	L1B
OR293466|USA/NC/31313-14/2016|2016|USA_NC|1-26-2|L1B	2016	USA	NC	1-26-2	L1B
OR293467|USA/MO/46449-2/2018|2018|USA_MO|1-1-2|L1B	2018	USA	MO	1-1-2	L1B
OR293468|Mexico/61728-2/2019|2019|Mexico|1-37-2|L1B	2019	Mexico		1-37-2	L1B
OR293469|Mexico/68713-GC/2021|2021|Mexico|1-26-2|L1B	2021	Mexico		1-26-2	L1B
OR293470|USA/IL/34503/2010|2010|USA_IL|1-4-4|L1C.1	2010	USA	IL	1-4-4	L1C.1
KT903158|PRRSV2-USA-AP740-2011|2011|USA|1-4-4|L1C.1	2011	USA		1-4-4	L1C.1
KT903564|PRRSV2-USA-AP1120-2012|2012|USA|1-4-4|L1C.1	2012	USA		1-4-4	L1C.1
KT903677|PRRSV2-USA-AP1233-2012|2012|USA|1-4-4|L1C.1	2012	USA		1-4-4	L1C.1
KT903845|PRRSV2-USA-AP1402-2012|2012|USA|1-4-4|L1C.1	2012	USA		1-4-4	L1C.1
MN499604|11128|2012|USA|1-4-4|L1C.1	2012	USA		1-4-4	L1C.1
MN501450|11120|2012|USA|1-4-4|L1C.1	2012	USA		1-4-4	L1C.1
OR293471|USA/IA/21767/2012|2012|USA_IA|1-4-4|L1C.1	2012	USA	IA	1-4-4	L1C.1
OR293472|USA/IA/40367-8/2012|2012|USA_IA|1-4-4|L1C.1	2012	USA	IA	1-4-4	L1C.1
OR293473|USA/IA/42004-14/2012|2012|USA_IA|1-84-4|L1C.1	2012	USA	IA	1-84-4	L1C.1
OR293474|USA/IA/43406-lg/2012|2012|USA_IA|1-4-4|L1C.1	2012	USA	IA	1-4-4	L1C.1
OR293475|USA/IA/44483-2/2012|2012|USA_IA|1-4-4|L1C.1	2012	USA	IA	1-4-4	L1C.1
OR293476|USA/IA/45537-65/2012|2012|USA_IA|1-4-4|L1C.1	2012	USA	IA	1-4-4	L1C.1
KT904263|PRRSV2-USA-AP1666-2013|2013|USA|1-4-4|L1C.1	2013	USA		1-4-4	L1C.1
MN499345|11585|2013|USA|1-4-4|L1C.1	2013	USA		1-4-4	L1C.1
OR293477|USA/IA/3703-1/2013|2013|USA_IA|1-4-4|L1C.1	2013	USA	IA	1-4-4	L1C.1
OR293478|USA/IA/23050-33/2013|2013|USA_IA|1-4-4|L1C.1	2013	USA	IA	1-4-4	L1C.1
OR293479|USA/IA/26853-1/2013|2013|USA_IA|1-4-4|L1C.1	2013	USA	IA	1-4-4	L1C.1
OR293480|USA/IA/27022-3/2013|2013|USA_IA|1-4-4|L1C.1	2013	USA	IA	1-4-4	L1C.1
OR293481|USA/IA/58790-143/2013|2013|USA_IA|1-4-4|L1C.1	2013	USA	IA	1-4-4	L1C.1
OR293482|USA/IA/282-1/2013|2013|USA_IA|1-4-4|L1C.1	2013	USA	IA	1-4-4	L1C.1
MN502573|12072|2014|USA|1-3-4|L1C.1	2014	USA		1-3-4	L1C.1
OR293483|USA/IA/43845-42/2014|2014|USA_IA|1-3-4|L1C.1	2014	USA	IA	1-3-4	L1C.1
MN499920|12484|2015|USA|1-4-4|L1C.1	2015	USA		1-4-4	L1C.1
OR293484|USA/PA/29044-2/2015|2015|USA_PA|1-8-4|L1C.1	2015	USA	PA	1-8-4	L1C.1
OR293485|USA/IA/82147-4/2015|2015|USA_IA|1-4-4|L1C.1	2015	USA	IA	1-4-4	L1C.1
OR293486|USA/IA/56809/2016|2016|USA_IA|1-4-4|L1C.1	2016	USA	IA	1-4-4	L1C.1
MN499035|14176|2017|USA|1-3-4|L1C.1	2017	USA		1-3-4	L1C.1
MN501627|14173|2017|USA|1-3-4|L1C.1	2017	USA		1-3-4	L1C.1
OR293487|USA/MI/31191-A/2016|2016|USA_MI|1-4-4|L1C.2	2016	USA	MI	1-4-4	L1C.2
OR293488|USA/PA/35557-A/2016|2016|USA_PA|1-4-4|L1C.2	2016	USA	PA	1-4-4	L1C.2
OR293489|USA/IA/64382-1/2017|2017|USA_IA|1-2-4|L1C.2	2017	USA	IA	1-2-4	L1C.2
OR293490|USA/AR/12086-4/2018|2018|USA_AR|1-2-4|L1C.2	2018	USA	AR	1-2-4	L1C.2
OR293491|USA/IA/79750-1/2019|2019|USA_IA|1-2-4|L1C.2	2019	USA	IA	1-2-4	L1C.2
OR293492|USA/OK/26303-GB/2020|2020|USA_OK|1-2-4|L1C.2	2020	USA	OK	1-2-4	L1C.2
OR293493|USA/SD/28687-GA/2020|2020|USA_SD|1-2-4|L1C.2	2020	USA	SD	1-2-4	L1C.2
OR293494|USA/IA/91791-1/2020|2020|USA_IA|1-2-4|L1C.2	2020	USA	IA	1-2-4	L1C.2
OR293495|USA/IA/95227-1/2020|2020|USA_IA|1-2-4|L1C.2	2020	USA	IA	1-2-4	L1C.2
OR293496|USA/MI/96487-GB/2020|2020|USA_MI|1-2-4|L1C.2	2020	USA	MI	1-2-4	L1C.2
OR293497|USA/IA/25668-GA/2021|2021|USA_IA|1-2-4|L1C.2	2021	USA	IA	1-2-4	L1C.2
OR293498|USA/NE/28578-GA/2021|2021|USA_NE|1-17-4|L1C.2	2021	USA	NE	1-17-4	L1C.2
OR293499|USA/IA/31874-1/2021|2021|USA_IA|1-2-4|L1C.2	2021	USA	IA	1-2-4	L1C.2
OR293500|USA/MO/44379-GA/2021|2021|USA_MO|1-2-4|L1C.2	2021	USA	MO	1-2-4	L1C.2
OR293501|USA/MN/91911-1/2021|2021|USA_MN|1-4-2|L1C.2	2021	USA	MN	1-4-2	L1C.2
OR293502|USA/IA/98957-GA/2021|2021|USA_IA|1-2-4|L1C.2	2021	USA	IA	1-2-4	L1C.2
OR293503|USA/CO/103067-GE/2021|2021|USA_CO|1-2-4|L1C.2	2021	USA	CO	1-2-4	L1C.2
OR293504|USA/CO/103664-2/2021|2021|USA_CO|1-2-4|L1C.2	2021	USA	CO	1-2-4	L1C.2
OR293505|USA/IA/106792-1/2021|2021|USA_IA|1-2-4|L1C.2	2021	USA	IA	1-2-4	L1C.2
OR293506|USA/IA/28030-GD/2015|2015|USA_IA|1-3-4|L1C.3	2015	USA	IA	1-3-4	L1C.3
OR293507|USA/IA/46945/2016|2016|USA_IA|1-3-4|L1C.3	2016	USA	IA	1-3-4	L1C.3
OR293508|USA/IA/12729-A/2016|2016|USA_IA|1-3-2|L1C.3	2016	USA	IA	1-3-2	L1C.3
OR293509|USA/OH/19966-2/2016|2016|USA_OH|1-3-4|L1C.3	2016	USA	OH	1-3-4	L1C.3
OR293510|USA/MN/52206-GA/2016|2016|USA_MN|1-3-4|L1C.3	2016	USA	MN	1-3-4	L1C.3
OR293511|USA/IA/61229-1/2016|2016|USA_IA|1-3-4|L1C.3	2016	USA	IA	1-3-4	L1C.3
OR293512|USA/IA/69465-3/2016|2016|USA_IA|1-4-4|L1C.3	2016	USA	IA	1-4-4	L1C.3
OR293513|USA/IA/84582/2017|2017|USA_IA|1-3-2|L1C.3	2017	USA	IA	1-3-2	L1C.3
OR293514|USA/IA/1809-2/2017|2017|USA_IA|1-3-4|L1C.3	2017	USA	IA	1-3-4	L1C.3
OR293515|USA/IA/21778-1/2017|2017|USA_IA|1-3-4|L1C.3	2017	USA	IA	1-3-4	L1C.3
OR293516|USA/IN/23501-GB/2017|2017|USA_IN|1-3-4|L1C.3	2017	USA	IN	1-3-4	L1C.3
OR293517|USA/MN/58657-GA/2017|2017|USA_MN|1-3-2|L1C.3	2017	USA	MN	1-3-2	L1C.3
OR293518|USA/IA/78803-GB/2017|2017|USA_IA|1-3-2|L1C.3	2017	USA	IA	1-3-2	L1C.3
OR293519|USA/IA/86335GA/2017|2017|USA_IA|1-4-4|L1C.3	2017	USA	IA	1-4-4	L1C.3
OR293520|USA/IA/77742-1/2018|2018|USA_IA|1-3-4|L1C.3	2018	USA	IA	1-3-4	L1C.3
OR293521|USA/IA/46932-1/2019|2019|USA_IA|1-3-3|L1C.3	2019	USA	IA	1-3-3	L1C.3
OR293522|USA/PA/89311-C/2019|2019|USA_PA|1-3-4|L1C.3	2019	USA	PA	1-3-4	L1C.3
OR293523|USA/IA/2529-21/2020|2020|USA_IA|1-3-2|L1C.3	2020	USA	IA	1-3-2	L1C.3
OR293524|USA/IA/34605-GA/2020|2020|USA_IA|1-4-4|L1C.3	2020	USA	IA	1-4-4	L1C.3
OR293525|USA/IA/83182-GA/2020|2020|USA_IA|1-3-2|L1C.3	2020	USA	IA	1-3-2	L1C.3
OR293526|USA/IA/93736-A/2020|2020|USA_IA|1-1-2|L1C.3	2020	USA	IA	1-1-2	L1C.3
OR293527|USA/IA/96675-GE/2020|2020|USA_IA|1-4-4|L1C.3	2020	USA	IA	1-4-4	L1C.3
OR293528|USA/IA/68-GA/2021|2021|USA_IA|1-3-2|L1C.3	2021	USA	IA	1-3-2	L1C.3
OR293529|USA/MO/35449-1/2021|2021|USA_MO|1-3-2|L1C.3	2021	USA	MO	1-3-2	L1C.3
OR293530|USA/NE/42424-5/2021|2021|USA_NE|1-3-2|L1C.3	2021	USA	NE	1-3-2	L1C.3
OR293531|USA/IA/59107-GB/2021|2021|USA_IA|1-12-1|L1C.3	2021	USA	IA	1-12-1	L1C.3
OR293532|USA/IA/60424-GA/2021|2021|USA_IA|1-4-3|L1C.3	2021	USA	IA	1-4-3	L1C.3
OR293533|USA/IA/89908-1/2021|2021|USA_IA|1-3-2|L1C.3	2021	USA	IA	1-3-2	L1C.3
OR293534|USA/IA/101911-1/2021|2021|USA_IA|1-8-4|L1C.3	2021	USA	IA	1-8-4	L1C.3
OR293535|USA/IA/112847-GA/2021|2021|USA_IA|1-3-2|L1C.3	2021	USA	IA	1-3-2	L1C.3
MN500980|10185|2009|USA|1-4-4|L1C.4	2009	USA		1-4-4	L1C.4
KT902719|PRRSV2-USA-AP359-2010|2010|USA|1-3-4|L1C.4	2010	USA		1-3-4	L1C.4
KT902997|PRRSV2-USA-AP3025-2010|2010|USA|1-4-4|L1C.4	2010	USA		1-4-4	L1C.4
MN499723|10275|2010|USA|1-4-4|L1C.4	2010	USA		1-4-4	L1C.4
MN501131|13738|2010|USA|1-4-4|L1C.4	2010	USA		1-4-4	L1C.4
MN501316|13749|2010|USA|1-4-4|L1C.4	2010	USA		1-4-4	L1C.4
MN501379|10471|2010|USA|1-4-4|L1C.4	2010	USA		1-4-4	L1C.4
MN502613|10587|2010|USA|1-8-4|L1C.4	2010	USA		1-8-4	L1C.4
KT903074|PRRSV2-USA-AP656-2011|2011|USA|1-4-2|L1C.4	2011	USA		1-4-2	L1C.4
MN501836|10675|2011|USA|1-3-4|L1C.4	2011	USA		1-3-4	L1C.4
MN502579|10978|2011|USA|1-4-4|L1C.4	2011	USA		1-4-4	L1C.4
OR293536|USA/VA/33932/2011|2011|USA_VA|1-4-4|L1C.4	2011	USA	VA	1-4-4	L1C.4
OR293537|USA/IA/3335-97/2011|2011|USA_IA|1-4-4|L1C.4	2011	USA	IA	1-4-4	L1C.4
OR293538|USA/PA/22307-B/2011|2011|USA_PA|1-4-4|L1C.4	2011	USA	PA	1-4-4	L1C.4
KT903592|PRRSV2-USA-AP1148-2012|2012|USA|1-4-4|L1C.4	2012	USA		1-4-4	L1C.4
KT903699|PRRSV2-USA-AP1255-2012|2012|USA|1-4-4|L1C.4	2012	USA		1-4-4	L1C.4
KT903753|PRRSV2-USA-AP1309-2012|2012|USA|1-4-4|L1C.4	2012	USA		1-4-4	L1C.4
KT903850|PRRSV2-USA-AP1407-2012|2012|USA|1-4-4|L1C.4	2012	USA		1-4-4	L1C.4
MN499371|11049|2012|USA|1-4-4|L1C.4	2012	USA		1-4-4	L1C.4
MN499899|11082|2012|USA|1-4-3|L1C.4	2012	USA		1-4-3	L1C.4
MN501842|11306|2012|USA|1-4-4|L1C.4	2012	USA		1-4-4	L1C.4
OR293539|USA/IA/18529-9/2012|2012|USA_IA|1-4-4|L1C.4	2012	USA	IA	1-4-4	L1C.4
MN498308|11460|2013|USA|1-4-4|L1C.4	2013	USA		1-4-4	L1C.4
MN500672|11472|2013|USA|1-3-4|L1C.4	2013	USA		1-3-4	L1C.4
MN502107|11531|2013|USA|1-4-4|L1C.4	2013	USA		1-4-4	L1C.4
OR293540|USA/IA/17773-1/2013|2013|USA_IA|1-4-3|L1C.4	2013	USA	IA	1-4-3	L1C.4
OR293541|USA/MN/75841-GA/2020|2020|USA_MN|1-4-4|L1C.5	2020	USA	MN	1-4-4	L1C.5
OR293542|USA/IA/6014-GA/2021|2021|USA_IA|1-4-4|L1C.5	2021	USA	IA	1-4-4	L1C.5
OR293543|USA/IA/7748-1/2021|2021|USA_IA|1-4-4|L1C.5	2021	USA	IA	1-4-4	L1C.5
OR293544|USA/IA/28947-2/2021|2021|USA_IA|1-4-4|L1C.5	2021	USA	IA	1-4-4	L1C.5
OR293545|USA/IA/29311-1/2021|2021|USA_IA|1-4-4|L1C.5	2021	USA	IA	1-4-4	L1C.5
OR293546|USA/MN/29672-GA/2021|2021|USA_MN|1-4-4|L1C.5	2021	USA	MN	1-4-4	L1C.5
OR293547|USA/IA/41002-1/2021|2021|USA_IA|1-4-4|L1C.5	2021	USA	IA	1-4-4	L1C.5
OR293548|USA/IA/42180-GA/2021|2021|USA_IA|1-4-4|L1C.5	2021	USA	IA	1-4-4	L1C.5
OR293549|USA/IA/43336-GA/2021|2021|USA_IA|1-7-4|L1C.5	2021	USA	IA	1-7-4	L1C.5
OR293550|USA/MN/48316-9/2021|2021|USA_MN|1-4-4|L1C.5	2021	USA	MN	1-4-4	L1C.5
OR293551|USA/IA/49635-GA/2021|2021|USA_IA|1-4-4|L1C.5	2021	USA	IA	1-4-4	L1C.5
OR293552|USA/IA/50961-1/2021|2021|USA_IA|1-4-4|L1C.5	2021	USA	IA	1-4-4	L1C.5
OR293553|USA/IA/54326-GA/2021|2021|USA_IA|1-4-4|L1C.5	2021	USA	IA	1-4-4	L1C.5
OR293554|USA/IA/56243-3/2021|2021|USA_IA|1-4-4|L1C.5	2021	USA	IA	1-4-4	L1C.5
OR293555|USA/IA/59955-GA/2021|2021|USA_IA|1-4-4|L1C.5	2021	USA	IA	1-4-4	L1C.5
OR293556|USA/IA/60429-1/2021|2021|USA_IA|1-4-4|L1C.5	2021	USA	IA	1-4-4	L1C.5
OR293557|USA/IA/61147-GA/2021|2021|USA_IA|1-4-4|L1C.5	2021	USA	IA	1-4-4	L1C.5
OR293558|USA/IA/61690-GA/2021|2021|USA_IA|1-4-4|L1C.5	2021	USA	IA	1-4-4	L1C.5
OR293559|USA/IA/63900-GF/2021|2021|USA_IA|1-4-2|L1C.5	2021	USA	IA	1-4-2	L1C.5
OR293560|USA/IA/66013-2/2021|2021|USA_IA|1-4-4|L1C.5	2021	USA	IA	1-4-4	L1C.5
OR293561|USA/IA/76753-1/2021|2021|USA_IA|1-4-4|L1C.5	2021	USA	IA	1-4-4	L1C.5
OR293562|USA/IA/80507-2/2021|2021|USA_IA|1-4-4|L1C.5	2021	USA	IA	1-4-4	L1C.5
OR293563|USA/IA/90519-22/2021|2021|USA_IA|1-4-4|L1C.5	2021	USA	IA	1-4-4	L1C.5
OR293564|USA/IA/91883-1/2021|2021|USA_IA|1-4-4|L1C.5	2021	USA	IA	1-4-4	L1C.5
OR293565|USA/IA/96924-1/2021|2021|USA_IA|1-3-4|L1C.5	2021	USA	IA	1-3-4	L1C.5
OR293566|USA/IA/97397-1/2021|2021|USA_IA|1-4-4|L1C.5	2021	USA	IA	1-4-4	L1C.5
OR293567|USA/IA/97626-1/2021|2021|USA_IA|1-25-4|L1C.5	2021	USA	IA	1-25-4	L1C.5
OR293568|USA/IA/109001-GA/2021|2021|USA_IA|1-4-4|L1C.5	2021	USA	IA	1-4-4	L1C.5
OR293569|USA/IA/111553-1/2021|2021|USA_IA|1-4-4|L1C.5	2021	USA	IA	1-4-4	L1C.5
OR293570|USA/IA/113258-1/2021|2021|USA_IA|1-4-4|L1C.5	2021	USA	IA	1-4-4	L1C.5
JN654459|NADC30|2008|USA|1-4-4|L1C-unclade	2008	USA		1-4-4	L1C-unclade
OR293571|USA/IA/28506/2010|2010|USA_IA|1-4-4|L1C-unclade	2010	USA	IA	1-4-4	L1C-unclade
OR293572|USA/MN/31896/2010|2010|USA_MN|1-4-4|L1C-unclade	2010	USA	MN	1-4-4	L1C-unclade
OR293573|USA/IA/1346-B/2010|2010|USA_IA|1-4-3|L1C-unclade	2010	USA	IA	1-4-3	L1C-unclade
OR293574|USA/IA/22244/2011|2011|USA_IA|1-4-4|L1C-unclade	2011	USA	IA	1-4-4	L1C-unclade
OR293575|USA/IA/38127/2011|2011|USA_IA|1-4-4|L1C-unclade	2011	USA	IA	1-4-4	L1C-unclade
OR293576|USA/IA/23650-4/2011|2011|USA_IA|1-4-4|L1C-unclade	2011	USA	IA	1-4-4	L1C-unclade
OR293577|USA/IA/40370-34/2011|2011|USA_IA|1-4-4|L1C-unclade	2011	USA	IA	1-4-4	L1C-unclade
OR293578|USA/IA/15201-D/2012|2012|USA_IA|1-4-4|L1C-unclade	2012	USA	IA	1-4-4	L1C-unclade
KP283402|Minnesota17B|2013|USA|1-4-4|L1C-unclade	2013	USA		1-4-4	L1C-unclade
KU502831|PRRSV2-USA-LS1362-2013|2013|USA|1-4-2|L1C-unclade	2013	USA		1-4-2	L1C-unclade
OR293579|USA/IA/7831-A/2013|2013|USA_IA|1-2-4|L1C-unclade	2013	USA	IA	1-2-4	L1C-unclade
OR293580|USA/IL/8005-A/2013|2013|USA_IL|1-4-4|L1C-unclade	2013	USA	IL	1-4-4	L1C-unclade
OR293581|USA/CO/10781/2013|2013|USA_CO|1-4-2|L1C-unclade	2013	USA	CO	1-4-2	L1C-unclade
OR293582|USA/IA/6434-F/2013|2013|USA_IA|1-4-4|L1C-unclade	2013	USA	IA	1-4-4	L1C-unclade
OR293583|USA/IA/46845-33/2013|2013|USA_IA|1-4-4|L1C-unclade	2013	USA	IA	1-4-4	L1C-unclade
KU556989|HENSP1|2014|China|1-4-3|L1C-unclade	2014	China		1-4-3	L1C-unclade
MN046228|HeNXX-2014-12|2014|China|1-4-4|L1C-unclade	2014	China		1-4-4	L1C-unclade
OR293584|USA/IA/73861-14/2014|2014|USA_IA|1-4-4|L1C-unclade	2014	USA	IA	1-4-4	L1C-unclade
OR293585|USA/OH/33112-GB/2015|2015|USA_OH|1-3-4|L1C-unclade	2015	USA	OH	1-3-4	L1C-unclade
OR293586|USA/IA/43489-33/2016|2016|USA_IA|1-4-4|L1C-unclade	2016	USA	IA	1-4-4	L1C-unclade
MG845987|HENJZ-4|2017|China|1-12-4|L1C-unclade	2017	China		1-12-4	L1C-unclade
OR293587|USA/IA/11579-53/2017|2017|USA_IA|1-3-4|L1C-unclade	2017	USA	IA	1-3-4	L1C-unclade
OR293588|USA/IL/64894-GD/2017|2017|USA_IL|1-4-3|L1C-unclade	2017	USA	IL	1-4-3	L1C-unclade
OR293589|USA/IL/73012-2/2017|2017|USA_IL|1-3-4|L1C-unclade	2017	USA	IL	1-3-4	L1C-unclade
OR293590|USA/IL/24691-3/2018|2018|USA_IL|1-3-4|L1C-unclade	2018	USA	IL	1-3-4	L1C-unclade
OR293591|USA/IN/27764-GA/2019|2019|USA_IN|1-3-4|L1C-unclade	2019	USA	IN	1-3-4	L1C-unclade
OR293592|USA/IL/11535-5/2020|2020|USA_IL|1-4-2|L1C-unclade	2020	USA	IL	1-4-2	L1C-unclade
OR293593|USA/NE/19446-8/2020|2020|USA_NE|1-4-2|L1C-unclade	2020	USA	NE	1-4-2	L1C-unclade
OR293594|USA/IA/111887-1/2021|2021|USA_IA|1-3-4|L1C-unclade	2021	USA	IA	1-3-4	L1C-unclade
KU131568|SD11-21_P100|2011|USA|1-8-4|L1D	2011	USA		1-8-4	L1D
OR293595|USA/IA/6489/2004|2004|USA_IA|1-8-4|L1D	2004	USA	IA	1-8-4	L1D
OR293596|USA/IA/9640/2004|2004|USA_IA|1-8-4|L1D	2004	USA	IA	1-8-4	L1D
EU758677|PRRSV0000008646|2006|USA_IA|1-8-4|L1D	2006	USA	IA	1-8-4	L1D
OR293597|USA/IA/42024/2007|2007|USA_IA|1-8-4|L1D	2007	USA	IA	1-8-4	L1D
OR293598|USA/IA/151-1/2007|2007|USA_IA|1-8-4|L1D	2007	USA	IA	1-8-4	L1D
OR293599|USA/IA/31629-F/2008|2008|USA_IA|1-8-4|L1D	2008	USA	IA	1-8-4	L1D
OR293600|USA/IA/8047-2/2009|2009|USA_IA|1-8-3|L1D	2009	USA	IA	1-8-3	L1D
OR293601|USA/IA/13341-32/2010|2010|USA_IA|1-4-4|L1D	2010	USA	IA	1-4-4	L1D
OR293602|USA/IL/38910-C/2010|2010|USA_IL|1-8-4|L1D	2010	USA	IL	1-8-4	L1D
OR293603|USA/IA/7886-3/2011|2011|USA_IA|1-8-4|L1D	2011	USA	IA	1-8-4	L1D
OR293604|USA/IA/28794/2014|2014|USA_IA|1-8-4|L1D	2014	USA	IA	1-8-4	L1D
OR293605|USA/IL/27858-1/2014|2014|USA_IL|1-12-4|L1D	2014	USA	IL	1-12-4	L1D
OR293606|USA/IA/1904-2/2015|2015|USA_IA|1-8-2|L1D	2015	USA	IA	1-8-2	L1D
OR293607|USA/IA/11631-7/2015|2015|USA_IA|1-8-4|L1D	2015	USA	IA	1-8-4	L1D
OR293608|USA/IA/16830-1/2015|2015|USA_IA|1-8-4|L1D	2015	USA	IA	1-8-4	L1D
OR293609|USA/IA/20274-GH/2016|2016|USA_IA|1-8-4|L1D	2016	USA	IA	1-8-4	L1D
OR293610|USA/IA/37730-1/2019|2019|USA_IA|1-8-4|L1D	2019	USA	IA	1-8-4	L1D
OR293611|USA/IA/57516-GD/2019|2019|USA_IA|1-8-4|L1D	2019	USA	IA	1-8-4	L1D
OR293612|USA/IN/64537-GC/2019|2019|USA_IN|1-8-4|L1D	2019	USA	IN	1-8-4	L1D
OR293613|USA/IA/70368-1/2019|2019|USA_IA|1-8-4|L1D	2019	USA	IA	1-8-4	L1D
OR293614|USA/IA/77587-4/2019|2019|USA_IA|1-8-4|L1D	2019	USA	IA	1-8-4	L1D
OR293615|USA/IA/86142-GF/2019|2019|USA_IA|1-8-4|L1D	2019	USA	IA	1-8-4	L1D
OR293616|USA/IA/89319-GA/2019|2019|USA_IA|1-8-4|L1D	2019	USA	IA	1-8-4	L1D
OR293617|USA/IA/10363-1/2020|2020|USA_IA|1-8-4|L1D	2020	USA	IA	1-8-4	L1D
OR293618|USA/MN/23990-1/2020|2020|USA_MN|1-8-4|L1D	2020	USA	MN	1-8-4	L1D
OR293619|USA/MN/28057-5/2020|2020|USA_MN|1-8-4|L1D	2020	USA	MN	1-8-4	L1D
OR293620|USA/IA/3208-GD/2020|2020|USA_IA|1-8-4|L1D	2020	USA	IA	1-8-4	L1D
OR293621|USA/IA/56830-1/2020|2020|USA_IA|1-8-4|L1D	2020	USA	IA	1-8-4	L1D
OR293622|USA/IA/16262-1/2021|2021|USA_IA|1-8-4|L1D	2021	USA	IA	1-8-4	L1D
OR293623|USA/IL/25026-GA/2021|2021|USA_IL|1-8-4|L1D	2021	USA	IL	1-8-4	L1D
OR293624|USA/IA/72965-1/2021|2021|USA_IA|1-8-4|L1D	2021	USA	IA	1-8-4	L1D
OR293625|USA/IA/80198-1/2021|2021|USA_IA|1-8-4|L1D	2021	USA	IA	1-8-4	L1D
OR293626|USA/IA/85930-GA/2021|2021|USA_IA|1-8-4|L1D	2021	USA	IA	1-8-4	L1D
OR293627|USA/IA/105845-GA/2021|2021|USA_IA|1-8-4|L1D	2021	USA	IA	1-8-4	L1D
OR293628|USA/IA/111688-GA/2021|2021|USA_IA|1-8-4|L1D	2021	USA	IA	1-8-4	L1D
OR293629|USA/IA/112665-GA/2021|2021|USA_IA|1-8-4|L1D	2021	USA	IA	1-8-4	L1D
KU503563|PRRSV2-USA-LS608-2001|2001|USA|1-22-2|L1E	2001	USA		1-22-2	L1E
DQ476551|PRRSV0002257|2003|USA_MN|1-8-2|L1E	2003	USA	MN	1-8-2	L1E
JQ656133|K05-0050|2005|South Korea|1-8-2|L1E	2005	South Korea		1-8-2	L1E
EU758824|PRRSV0000008832|2007|USA_IA|1-4-2|L1E	2007	USA	IA	1-4-2	L1E
OR293630|USA/IA/3988-B/2007|2007|USA_IA|1-3-2|L1E	2007	USA	IA	1-3-2	L1E
KU501884|PRRSV2-USA-CB1122-2009|2009|USA|1-3-2|L1E	2009	USA		1-3-2	L1E
OR293631|USA/IA/37990/2010|2010|USA_IA|1-22-2|L1E	2010	USA	IA	1-22-2	L1E
KU503985|PRRSV2-USA-NP172-2011|2011|USA|1-22-2|L1E	2011	USA		1-22-2	L1E
OR293632|USA/IA/12264/2011|2011|USA_IA|1-22-2|L1E	2011	USA	IA	1-22-2	L1E
OR293633|USA/IA/4900-19/2011|2011|USA_IA|1-39-2|L1E	2011	USA	IA	1-39-2	L1E
OR293634|USA/IA/10451-31/2011|2011|USA_IA|1-4-3|L1E	2011	USA	IA	1-4-3	L1E
OR293635|USA/IA/12172-A/2011|2011|USA_IA|1-22-2|L1E	2011	USA	IA	1-22-2	L1E
OR293636|USA/IA/4788-B/2012|2012|USA_IA|1-22-2|L1E	2012	USA	IA	1-22-2	L1E
OR293637|USA/IA/13828-OF/2012|2012|USA_IA|1-22-2|L1E	2012	USA	IA	1-22-2	L1E
OR293638|USA/IL/21268-8/2012|2012|USA_IL|1-22-2|L1E	2012	USA	IL	1-22-2	L1E
OR293639|USA/NE/22466-A/2012|2012|USA_NE|1-22-2|L1E	2012	USA	NE	1-22-2	L1E
OR293640|USA/IA/36239-3/2012|2012|USA_IA|1-3-2|L1E	2012	USA	IA	1-3-2	L1E
OR293641|USA/IA/15576-10/2013|2013|USA_IA|1-22-2|L1E	2013	USA	IA	1-22-2	L1E
OR293642|USA/IA/16519-8/2013|2013|USA_IA|1-3-4|L1E	2013	USA	IA	1-3-4	L1E
OR293643|USA/NE/3374-9/2014|2014|USA_NE|1-3-2|L1E	2014	USA	NE	1-3-2	L1E
OR293644|USA/IL/3944/2015|2015|USA_IL|1-3-2|L1E	2015	USA	IL	1-3-2	L1E
OR293645|USA/IL/33367/2015|2015|USA_IL|1-3-2|L1E	2015	USA	IL	1-3-2	L1E
OR293646|USA/IL/74453/2015|2015|USA_IL|1-3-2|L1E	2015	USA	IL	1-3-2	L1E
OR293647|USA/IA/36110-GA/2015|2015|USA_IA|1-3-6|L1E	2015	USA	IA	1-3-6	L1E
OR293648|USA/IA/44707-1/2016|2016|USA_IA|1-4-4|L1E	2016	USA	IA	1-4-4	L1E
OR293649|USA/AZ/64825-2/2016|2016|USA_AZ|1-4-2|L1E	2016	USA	AZ	1-4-2	L1E
OR293650|USA/IA/31569-23/2017|2017|USA_IA|1-3-2|L1E	2017	USA	IA	1-3-2	L1E
OR293651|USA/OK/35522-GD/2017|2017|USA_OK|1-3-2|L1E	2017	USA	OK	1-3-2	L1E
OR293652|USA/IA/36731-1/2018|2018|USA_IA|1-3-4|L1E	2018	USA	IA	1-3-4	L1E
OR293653|USA/IA/15587-GA/2019|2019|USA_IA|1-3-4|L1E	2019	USA	IA	1-3-4	L1E
OR293654|USA/AZ/73366-1/2020|2020|USA_AZ|1-3-2|L1E	2020	USA	AZ	1-3-2	L1E
OR293655|USA/OK/20217-3/2020|2020|USA_OK|1-3-1|L1E	2020	USA	OK	1-3-1	L1E
DQ475444|PRRSV0000862|2001|USA_MN|1-8-3|L1F	2001	USA	MN	1-8-3	L1F
EU755578|PRRSV0000001537|2002|USA_MN|1-8-4|L1F	2002	USA	MN	1-8-4	L1F
DQ476456|PRRSV0002149|2003|USA_MN|1-8-4|L1F	2003	USA	MN	1-8-4	L1F
DQ474989|PRRSV0000286|2004|USA|1-8-4|L1F	2004	USA		1-8-4	L1F
DQ476932|PRRSV0002720|2004|USA_MN|1-12-4|L1F	2004	USA	MN	1-12-4	L1F
EU755847|PRRSV0000003054|2004|USA_MN|1-8-4|L1F	2004	USA	MN	1-8-4	L1F
OR293656|USA/IA/5913/2004|2004|USA_IA|1-16-4|L1F	2004	USA	IA	1-16-4	L1F
OR293657|USA/MN/371-C/2004|2004|USA_MN|1-8-4|L1F	2004	USA	MN	1-8-4	L1F
DQ478313|PRRSV0004443|2005|USA_MN|1-8-4|L1F	2005	USA	MN	1-8-4	L1F
EU756176|PRRSV0000005195|2005|USA_MN|1-8-4|L1F	2005	USA	MN	1-8-4	L1F
OR293658|USA/IA/18067-1/2005|2005|USA_IA|1-8-4|L1F	2005	USA	IA	1-8-4	L1F
EU756564|PRRSV0000005552|2006|USA_MN|1-16-4|L1F	2006	USA	MN	1-16-4	L1F
KU501499|PRRSV2-USA-LS1386-2006|2006|USA|1-8-4|L1F	2006	USA		1-8-4	L1F
OR293659|USA/MN/30278-C/2006|2006|USA_MN|1-8-4|L1F	2006	USA	MN	1-8-4	L1F
OR293660|USA/MN/45247-D/2006|2006|USA_MN|1-8-4|L1F	2006	USA	MN	1-8-4	L1F
EU759307|PRRSV2000000140|2007|USA_MN|1-8-4|L1F	2007	USA	MN	1-8-4	L1F
EU759673|PRRSV2000000514|2007|USA_IA|1-8-4|L1F	2007	USA	IA	1-8-4	L1F
OR293661|USA/IA/2730-B/2007|2007|USA_IA|1-8-4|L1F	2007	USA	IA	1-8-4	L1F
OR293662|USA/NE/3516-A/2007|2007|USA_NE|1-16-3|L1F	2007	USA	NE	1-16-3	L1F
OR293663|USA/IA/17787-A/2007|2007|USA_IA|1-8-4|L1F	2007	USA	IA	1-8-4	L1F
OR293664|USA/IA/42806-N/2007|2007|USA_IA|1-8-4|L1F	2007	USA	IA	1-8-4	L1F
OR293665|USA/IA/26585/2008|2008|USA_IA|1-4-4|L1F	2008	USA	IA	1-4-4	L1F
OR293666|USA/IA/37867/2008|2008|USA_IA|1-8-4|L1F	2008	USA	IA	1-8-4	L1F
OR293667|USA/IA/35620-3/2008|2008|USA_IA|1-8-4|L1F	2008	USA	IA	1-8-4	L1F
OR293668|USA/IA/34974/2010|2010|USA_IA|1-4-4|L1F	2010	USA	IA	1-4-4	L1F
OR293669|USA/IA/15914-12/2010|2010|USA_IA|1-8-4|L1F	2010	USA	IA	1-8-4	L1F
OR293670|USA/IA/33855-14/2010|2010|USA_IA|1-8-3|L1F	2010	USA	IA	1-8-3	L1F
OR293671|USA/IA/2206-35/2011|2011|USA_IA|1-12-4|L1F	2011	USA	IA	1-12-4	L1F
OR293672|USA/IA/10129-10/2011|2011|USA_IA|1-12-4|L1F	2011	USA	IA	1-12-4	L1F
OR293673|USA/IA/23800-5/2011|2011|USA_IA|1-8-4|L1F	2011	USA	IA	1-8-4	L1F
OR293679|USA/IA/14520-24/2011|2011|USA_IA|1-16-4|L1F	2011	USA	IA	1-16-4	L1F
KU504149|PRRSV2-USA-NP353-2012|2012|USA|1-8-4|L1F	2012	USA		1-8-4	L1F
OR293674|USA/IA/39242-C/2012|2012|USA_IA|1-8-2|L1F	2012	USA	IA	1-8-2	L1F
OR293675|USA/IA/14698/2013|2013|USA_IA|1-4-3|L1F	2013	USA	IA	1-4-3	L1F
OR293676|USA/IA/3989-7/2013|2013|USA_IA|1-4-4|L1F	2013	USA	IA	1-4-4	L1F
OR293677|USA/IA/28319-2/2013|2013|USA_IA|1-2-4|L1F	2013	USA	IA	1-2-4	L1F
OR293678|USA/IA/43581-106/2013|2013|USA_IA|1-4-4|L1F	2013	USA	IA	1-4-4	L1F
OR293680|USA/IA/25031-A/2015|2015|USA_IA|1-8-4|L1F	2015	USA	IA	1-8-4	L1F
OR293681|USA/VA/75503-3/2018|2018|USA_VA|1-8-4|L1F	2018	USA	VA	1-8-4	L1F
OR293682|USA/IL/82892-1/2021|2021|USA_IL|1-8-4|L1F	2021	USA	IL	1-8-4	L1F
OR293983|PRRSGard|N/A|USA|1-8-4|L1F	N/A	USA		1-8-4	L1F
OR293683|USA/OK/49165-1/2013|2013|USA_OK|1-8-4|L1H	2013	USA	OK	1-8-4	L1H
OR293684|USA/IA/63471-1/2014|2014|USA_IA|1-4-4|L1H	2014	USA	IA	1-4-4	L1H
OR293685|USA/IA/74489-GA/2015|2015|USA_IA|1-8-4|L1H	2015	USA	IA	1-8-4	L1H
OR293686|USA/IA/12879-GF/2016|2016|USA_IA|1-8-3|L1H	2016	USA	IA	1-8-3	L1H
OR293687|USA/KS/15854-GC/2016|2016|USA_KS|1-8-4|L1H	2016	USA	KS	1-8-4	L1H
OR293688|USA/IA/43677-GA/2016|2016|USA_IA|1-8-3|L1H	2016	USA	IA	1-8-3	L1H
OR293689|USA/OK/59016-3/2016|2016|USA_OK|1-8-4|L1H	2016	USA	OK	1-8-4	L1H
OR293690|USA/IA/4579-1/2017|2017|USA_IA|1-8-4|L1H	2017	USA	IA	1-8-4	L1H
OR293691|USA/IA/56365-GA/2017|2017|USA_IA|1-8-4|L1H	2017	USA	IA	1-8-4	L1H
OR293692|USA/KS/18849-GG/2018|2018|USA_KS|1-4-4|L1H	2018	USA	KS	1-4-4	L1H
OR293693|USA/OK/33224-GF/2018|2018|USA_OK|1-8-2|L1H	2018	USA	OK	1-8-2	L1H
OR293694|USA/IA/44210-2/2018|2018|USA_IA|1-8-4|L1H	2018	USA	IA	1-8-4	L1H
OR293695|USA/IN/64198-GA/2018|2018|USA_IN|1-8-4|L1H	2018	USA	IN	1-8-4	L1H
OR293696|USA/IA/84414-1/2018|2018|USA_IA|1-12-2|L1H	2018	USA	IA	1-12-2	L1H
OR293697|USA/IL/86915-H/2018|2018|USA_IL|1-4-4|L1H	2018	USA	IL	1-4-4	L1H
OR293698|USA/IL/13426-9/2019|2019|USA_IL|1-4-4|L1H	2019	USA	IL	1-4-4	L1H
OR293699|USA/OK/16994-1/2019|2019|USA_OK|1-12-4|L1H	2019	USA	OK	1-12-4	L1H
OR293700|USA/IA/23756-1/2019|2019|USA_IA|1-8-4|L1H	2019	USA	IA	1-8-4	L1H
OR293701|USA/OK/25167-2/2019|2019|USA_OK|1-12-4|L1H	2019	USA	OK	1-12-4	L1H
OR293702|USA/IA/71864-7/2019|2019|USA_IA|1-8-4|L1H	2019	USA	IA	1-8-4	L1H
OR293703|USA/OK/77817-7/2019|2019|USA_OK|1-12-4|L1H	2019	USA	OK	1-12-4	L1H
OR293704|USA/IA/80088-1/2019|2019|USA_IA|1-12-4|L1H	2019	USA	IA	1-12-4	L1H
OR293705|USA/IA/93177-2/2019|2019|USA_IA|1-8-4|L1H	2019	USA	IA	1-8-4	L1H
OR293706|USA/IA/94335-GA/2019|2019|USA_IA|1-8-4|L1H	2019	USA	IA	1-8-4	L1H
OR293707|USA/IA/24203-1/2020|2020|USA_IA|1-8-4|L1H	2020	USA	IA	1-8-4	L1H
OR293708|USA/IA/25159-1/2020|2020|USA_IA|1-8-4|L1H	2020	USA	IA	1-8-4	L1H
OR293709|USA/IA/33465-2/2020|2020|USA_IA|1-8-4|L1H	2020	USA	IA	1-8-4	L1H
OR293710|USA/OK/47715-1/2020|2020|USA_OK|1-8-4|L1H	2020	USA	OK	1-8-4	L1H
OR293711|USA/IA/2033-GA/2020|2020|USA_IA|1-8-4|L1H	2020	USA	IA	1-8-4	L1H
OR293712|USA/OK/54727-2/2020|2020|USA_OK|1-12-4|L1H	2020	USA	OK	1-12-4	L1H
OR293713|USA/IA/85303-1/2020|2020|USA_IA|1-153-4|L1H	2020	USA	IA	1-153-4	L1H
OR293714|USA/IA/15737-1/2021|2021|USA_IA|1-8-4|L1H	2021	USA	IA	1-8-4	L1H
OR293715|USA/IA/54946-1/2021|2021|USA_IA|1-8-4|L1H	2021	USA	IA	1-8-4	L1H
OR293716|USA/IA/37997-1/2021|2021|USA_IA|1-8-4|L1H	2021	USA	IA	1-8-4	L1H
OR293717|USA/IA/108708-16/2021|2021|USA_IA|1-8-4|L1H	2021	USA	IA	1-8-4	L1H
OR293718|USA/NE/78012-2/2021|2021|USA_NE|1-8-2|L1H	2021	USA	NE	1-8-2	L1H
OR293719|USA/IA/91620-1/2021|2021|USA_IA|1-8-4|L1H	2021	USA	IA	1-8-4	L1H
OR293720|USA/CO/91970-GG/2021|2021|USA_CO|1-8-3|L1H	2021	USA	CO	1-8-3	L1H
OR293721|USA/IL/97762-1/2021|2021|USA_IL|1-8-4|L1H	2021	USA	IL	1-8-4	L1H
OR293722|USA/MO/106753-GE/2021|2021|USA_MO|1-8-4|L1H	2021	USA	MO	1-8-4	L1H
OR293723|USA/IA/39586/2003|2003|USA_IA|1-8-4|L1I	2003	USA	IA	1-8-4	L1I
OR293724|USA/IA/309B/2003|2003|USA_IA|1-16-2|L1I	2003	USA	IA	1-16-2	L1I
DQ474988|PRRSV0000285|2004|USA|1-8-4|L1I	2004	USA		1-8-4	L1I
OR293725|USA/IA/29754/2004|2004|USA_IA|1-8-4|L1I	2004	USA	IA	1-8-4	L1I
OR293726|USA/IA/6258-1/2004|2004|USA_IA|1-8-4|L1I	2004	USA	IA	1-8-4	L1I
OR293727|USA/IA/6258-2/2004|2004|USA_IA|1-8-4|L1I	2004	USA	IA	1-8-4	L1I
OR293728|USA/IA/7501-2/2004|2004|USA_IA|1-8-4|L1I	2004	USA	IA	1-8-4	L1I
OR293729|USA/IA/11228-A/2004|2004|USA_IA|1-16-4|L1I	2004	USA	IA	1-16-4	L1I
EU756128|PRRSV0000005145|2005|USA_MN|1-16-2|L1I	2005	USA	MN	1-16-2	L1I
OR293730|USA/IA/33997/2006|2006|USA_IA|1-8-4|L1I	2006	USA	IA	1-8-4	L1I
OR293731|USA/IA/3705-A/2006|2006|USA_IA|1-8-4|L1I	2006	USA	IA	1-8-4	L1I
OR293732|USA/IA/6177-A/2006|2006|USA_IA|1-8-4|L1I	2006	USA	IA	1-8-4	L1I
OR293733|USA/IA/27268-D/2006|2006|USA_IA|1-8-4|L1I	2006	USA	IA	1-8-4	L1I
OR293734|USA/IA/29378-22/2009|2009|USA_IA|1-8-4|L1I	2009	USA	IA	1-8-4	L1I
OR293735|USA/IA/29378-23/2009|2009|USA_IA|1-8-4|L1I	2009	USA	IA	1-8-4	L1I
OR293736|USA/IA/122-A/2009|2009|USA_IA|1-8-4|L1I	2009	USA	IA	1-8-4	L1I
OR293737|USA/IA/4013/2010|2010|USA_IA|1-8-4|L1I	2010	USA	IA	1-8-4	L1I
OR293738|USA/IA/122-B/2010|2010|USA_IA|1-8-4|L1I	2010	USA	IA	1-8-4	L1I
AF013106|IAF-CM|N/A|Canada|1-8-4|L1I	N/A	Canada		1-8-4	L1I
U64929|IAF-BAJ|N/A|Canada|1-16-4|L1I	N/A	Canada		1-16-4	L1I
JQ656137|K05-0078|2005|South Korea|1-8-4|L1J	2005	South Korea		1-8-4	L1J
JQ656153|K05-0212|2005|South Korea|1-8-4|L1J	2005	South Korea		1-8-4	L1J
JQ656159|K05-0239|2005|South Korea|1-7-4|L1J	2005	South Korea		1-7-4	L1J
JQ656180|K05-2265|2005|South Korea|1-21-4|L1J	2005	South Korea		1-21-4	L1J
JQ656181|K06-0007|2006|South Korea|1-21-4|L1J	2006	South Korea		1-21-4	L1J
JQ656225|K06-1173|2006|South Korea|1-8-4|L1J	2006	South Korea		1-8-4	L1J
JQ656247|K07-2268|2007|South Korea|1-8-2|L1J	2007	South Korea		1-8-2	L1J
JQ656248|K07-2269|2007|South Korea|1-8-2|L1J	2007	South Korea		1-8-2	L1J
JX138233|CP07-626-2|2007|South Korea|1-7-4|L1J	2007	South Korea		1-7-4	L1J
JQ656257|K08-0148|2008|South Korea|1-8-4|L1J	2008	South Korea		1-8-4	L1J
JQ656258|K08-0149|2008|South Korea|1-8-4|L1J	2008	South Korea		1-8-4	L1J
JQ656321|K09-1354|2009|South Korea|1-23-4|L1J	2009	South Korea		1-23-4	L1J
JQ656323|K09-1357|2009|South Korea|1-23-4|L1J	2009	South Korea		1-23-4	L1J
JQ656324|K09-1363|2009|South Korea|1-32-4|L1J	2009	South Korea		1-32-4	L1J
JQ656325|K09-1365|2009|South Korea|1-23-4|L1J	2009	South Korea		1-23-4	L1J
KR154352|K13-006|2013|South Korea|1-21-4|L1J	2013	South Korea		1-21-4	L1J
KR154353|K13-009|2013|South Korea|1-115-4|L1J	2013	South Korea		1-115-4	L1J
KY996351|KU-N1301|2013|South Korea|1-7-2|L1J	2013	South Korea		1-7-2	L1J
KY996352|KU-N1302|2013|South Korea|1-8-4|L1J	2013	South Korea		1-8-4	L1J
KY996356|KU-N1306|2013|South Korea|1-4-4|L1J	2013	South Korea		1-4-4	L1J
KR154362|K14-039|2014|South Korea|1-59-4|L1J	2014	South Korea		1-59-4	L1J
KR154371|K14-050|2014|South Korea|1-6-4|L1J	2014	South Korea		1-6-4	L1J
KR154390|K14-083|2014|South Korea|1-115-4|L1J	2014	South Korea		1-115-4	L1J
KR154394|K14-088|2014|South Korea|1-7-4|L1J	2014	South Korea		1-7-4	L1J
KR154396|K14-093|2014|South Korea|1-8-1|L1J	2014	South Korea		1-8-1	L1J
KR921463|K14-091|2014|South Korea|1-30-3|L1J	2014	South Korea		1-30-3	L1J
KU666109|K14-2-N18-GH|2014|South Korea|1-4-4|L1J	2014	South Korea		1-4-4	L1J
KU666118|K14-2-N27-GJ|2014|South Korea|1-4-4|L1J	2014	South Korea		1-4-4	L1J
KU666157|K14-4-N33-GH|2014|South Korea|1-4-4|L1J	2014	South Korea		1-4-4	L1J
KX809898|16-2-4|2014|South Korea|1-16-2|L1J	2014	South Korea		1-16-2	L1J
KR154445|K15-008|2015|South Korea|1-115-4|L1J	2015	South Korea		1-115-4	L1J
KU512801|CA-2-P62|2015|South Korea|1-8-4|L1J	2015	South Korea		1-8-4	L1J
KU512804|CA-2-P92|2015|South Korea|1-8-3|L1J	2015	South Korea		1-8-3	L1J
KU666074|JB15-N66-GG|2015|South Korea|1-8-4|L1J	2015	South Korea		1-8-4	L1J
KU666173|K15-3-N14-GS|2015|South Korea|1-21-4|L1J	2015	South Korea		1-21-4	L1J
KX793085|JB16-2-N75|2016|South Korea|1-8-4|L1J	2016	South Korea		1-8-4	L1J
KY363991|CA-2-MP110|2016|South Korea|1-8-4|L1J	2016	South Korea		1-8-4	L1J
KY996364|KU-N1604|2016|South Korea|1-12-4|L1J	2016	South Korea		1-12-4	L1J
MG999920|KU-N1707|2017|South Korea|1-8-4|L1J	2017	South Korea		1-8-4	L1J
DQ475675|PRRSV0001143|2002|USA_WI|1-1-2|L2	2002	USA	WI	1-1-2	L2
DQ475705|PRRSV0001181|2002|USA_NE|1-2-4|L2	2002	USA	NE	1-2-4	L2
DQ475755|PRRSV0001239|2002|USA_MN|1-2-4|L2	2002	USA	MN	1-2-4	L2
DQ475805|PRRSV0001307|2002|USA_MN|1-2-4|L2	2002	USA	MN	1-2-4	L2
DQ475821   |PRRSV0001326|2002|USA_MN|1-2-2|L2	2002	USA	MN	1-2-2	L2
DQ475948|PRRSV0001484|2002|USA_MN|1-2-4|L2	2002	USA	MN	1-2-4	L2
DQ475949|PRRSV0001485|2002|USA_MN|1-2-4|L2	2002	USA	MN	1-2-4	L2
DQ476035|PRRSV0001592|2003|USA_MN|1-2-4|L2	2003	USA	MN	1-2-4	L2
DQ476344|PRRSV0002020|2003|USA_MN|1-2-3|L2	2003	USA	MN	1-2-3	L2
EU757289|PRRSV0000006674|2003|USA_MN|1-2-4|L2	2003	USA	MN	1-2-4	L2
OR294021|USA/KS/25237-3519/2003|2003|USA_KS|1-27-2|L2	2003	USA	KS	1-27-2	L2
OR294022|USA/KS/25237-3499/2003|2003|USA_KS|1-27-2|L2	2003	USA	KS	1-27-2	L2
OR294023|USA/KS/25237-3498/2003|2003|USA_KS|1-27-2|L2	2003	USA	KS	1-27-2	L2
KU504223|PRRSV2/USA/LS1290/2005|2005|USA|1-2-4|L2	2005	USA		1-2-4	L2
EU758758|PRRSV0000008742|2006|USA_MN|1-2-4|L2	2006	USA	MN	1-2-4	L2
OR294020|USA/IA/23863-A/2006|2006|USA_IA|1-2-4|L2	2006	USA	IA	1-2-4	L2
OR294017|USA/IA/53303-2/2007|2007|USA_IA|1-2-4|L2	2007	USA	IA	1-2-4	L2
OR294018|USA/OH/44495-G/2007|2007|USA_OH|1-2-4|L2	2007	USA	OH	1-2-4	L2
OR294019|USA/OH/44495-A/2007|2007|USA_OH|1-2-4|L2	2007	USA	OH	1-2-4	L2
OR294016|USA/MI/30536-29/2008|2008|USA_MI|1-1-2|L2	2008	USA	MI	1-1-2	L2
OR294013|USA/MI/34224-H/2009|2009|USA_MI|1-20-4|L2	2009	USA	MI	1-20-4	L2
OR294014|USA/MI/34224-G/2009|2009|USA_MI|1-20-4|L2	2009	USA	MI	1-20-4	L2
OR294015|USA/MI/19123-D/2009|2009|USA_MI|1-20-4|L2	2009	USA	MI	1-20-4	L2
OR294012|USA/MI/38559-6/2010|2010|USA_MI|1-20-4|L2	2010	USA	MI	1-20-4	L2
OR294024|USA/IA/25782-34/2010|2010|USA_IA|1-6-4|L2	2010	USA	IA	1-6-4	L2
OR294025|USA/MI/18854-B/2010|2010|USA_MI|1-20-4|L2	2010	USA	MI	1-20-4	L2
OR294010|USA/MI/1744-D/2011|2011|USA_MI|1-20-4|L2	2011	USA	MI	1-20-4	L2
OR294011|USA/MI/405-4/2011|2011|USA_MI|1-20-4|L2	2011	USA	MI	1-20-4	L2
DQ475611|PRRSV0001071|N/A|USA|1-1-4|L2	N/A	USA		1-1-4	L2
DQ475804|PRRSV0001306|N/A|USA|1-2-4|L2	N/A	USA		1-2-4	L2
KF287138|HK11|2004|Hong Kong|1-3-1|L3	2004	Hong Kong		1-3-1	L3
KP998413|310|2005|Taiwan|1-8-4|L3	2005	Taiwan		1-8-4	L3
JQ743666|QY2010|2010|China|1-3-2|L3	2010	China		1-3-2	L3
KR612143|110901-GD-SWKF|2011|China|1-3-2|L3	2011	China		1-3-2	L3
KC618029|GXLA07-2012|2012|China|1-3-4|L3	2012	China		1-3-4	L3
KC771271|755R|2012|Taiwan|1-4-1|L3	2012	Taiwan		1-4-1	L3
KP998407|HC120821-SH2|2012|Taiwan|1-4-3|L3	2012	Taiwan		1-4-3	L3
KR018770|130807-GD-SHC|2013|China|1-3-2|L3	2013	China		1-3-2	L3
KM377855|FJ-QZzpx-2014|2014|China|1-3-4|L3	2014	China		1-3-4	L3
KR018779|140107-GD-SHC|2014|China|1-3-2|L3	2014	China		1-3-2	L3
KY373215|HiNZWQ|2014|China|1-3-2|L3	2014	China		1-3-2	L3
MF133293|FZFQ141016|2014|China|1-37-2|L3	2014	China		1-37-2	L3
MG972962|S5|2014|China|1-4-4|L3	2014	China		1-4-4	L3
MH713856|GD1404GP5|2014|China|1-5-1|L3	2014	China		1-5-1	L3
MK291408|103-912-12|2014|Taiwan|1-4-4|L3	2014	Taiwan		1-4-4	L3
KX077651|GX01-2015|2015|China|1-3-2|L3	2015	China		1-3-2	L3
MK158138|104-1615-2015-KS|2015|Taiwan|1-8-2|L3	2015	Taiwan		1-8-2	L3
MK158140|104-1614-2015-KS|2015|Taiwan|1-8-4|L3	2015	Taiwan		1-8-4	L3
KY508625|GDMM1|2016|China|1-3-4|L3	2016	China		1-3-4	L3
MG926571|JXFZ-1|2016|China|1-3-2|L3	2016	China		1-3-2	L3
MH174985|ZJnb16-1|2016|China|1-3-1|L3	2016	China		1-3-1	L3
MH174986|ZJnb16-2|2016|China|1-3-1|L3	2016	China		1-3-1	L3
MH713813|GDYJYFB1gp5|2016|China|1-4-2|L3	2016	China		1-4-2	L3
MH713849|GDKPSTgp5|2016|China|1-3-1|L3	2016	China		1-3-1	L3
MH713853|FJ-2016-0106|2016|China|1-3-4|L3	2016	China		1-3-4	L3
MN331662|080-2016-PT|2016|Taiwan|1-55-4|L3	2016	Taiwan		1-55-4	L3
MN331663|187-2016-TN|2016|Taiwan|1-55-4|L3	2016	Taiwan		1-55-4	L3
MH324400|SCya17|2017|China|1-10-2|L3	2017	China		1-10-2	L3
MH713808|GD-21|2017|China|1-4-2|L3	2017	China		1-4-2	L3
MH713819|bs-gp5-1|2017|China|1-3-2|L3	2017	China		1-3-2	L3
MH713821|bs-gp5-4|2017|China|1-3-2|L3	2017	China		1-3-2	L3
MK158112|172719-2017-Taiwan|2017|Taiwan|1-4-4|L3	2017	Taiwan		1-4-4	L3
MK158119|17-3391-2017-Taiwan|2017|Taiwan|1-4-4|L3	2017	Taiwan		1-4-4	L3
MN331677|2964-2017-YL|2017|Taiwan|1-10-2|L3	2017	Taiwan		1-10-2	L3
MN331680|3391-2017-NT|2017|Taiwan|1-4-4|L3	2017	Taiwan		1-4-4	L3
MN331687|4436-2017-TC|2017|Taiwan|1-4-2|L3	2017	Taiwan		1-4-2	L3
MK507137|PRRSV2-CN-N9083-2018|2018|China|1-10-4|L3	2018	China		1-10-4	L3
MN331681|3433-2018-YL|2018|Taiwan|1-4-1|L3	2018	Taiwan		1-4-1	L3
MN137948|HENLY-11|2019|China|1-3-4|L3	2019	China		1-3-4	L3
AB546102|Aomori08-1|2008|Japan|1-4-4|L4	2008	Japan		1-4-4	L4
AB546105|Miyagi08-2|2008|Japan|1-16-4|L4	2008	Japan		1-16-4	L4
AB546106|Miyagi08-3|2008|Japan|1-2-4|L4	2008	Japan		1-2-4	L4
AB546109|Ibaraki08-1|2008|Japan|1-2-2|L4	2008	Japan		1-2-2	L4
AB546110|Ibaraki08-2|2008|Japan|1-2-4|L4	2008	Japan		1-2-4	L4
AB546112|Ibaraki08-4|2008|Japan|1-2-4|L4	2008	Japan		1-2-4	L4
AB546113|Ibaraki08-5|2008|Japan|1-2-4|L4	2008	Japan		1-2-4	L4
AB546114|Ibaraki08-6|2008|Japan|1-30-2|L4	2008	Japan		1-30-2	L4
AB811788|Yamagata10-7|2010|Japan|1-4-4|L4	2010	Japan		1-4-4	L4
AB811789|Aomori10-5|2010|Japan|1-4-4|L4	2010	Japan		1-4-4	L4
AB023782|Japan|N/A|Japan|1-4-4|L4	N/A	Japan		1-4-4	L4
AB175692|Jfs1|N/A|Japan|1-2-4|L4	N/A	Japan		1-2-4	L4
AB175693|Jib1|N/A|Japan|1-4-4|L4	N/A	Japan		1-4-4	L4
AB175696|Jiw1|N/A|Japan|1-4-4|L4	N/A	Japan		1-4-4	L4
AB175698|Jnt1|N/A|Japan|1-4-4|L4	N/A	Japan		1-4-4	L4
AB175700|Jsa1|N/A|Japan|1-4-4|L4	N/A	Japan		1-4-4	L4
AB175705|Jsz3|N/A|Japan|1-2-4|L4	N/A	Japan		1-2-4	L4
AB175714|Jyt3|N/A|Japan|1-2-3|L4	N/A	Japan		1-2-3	L4
AB175716|Aomori-93|N/A|Japan|1-4-4|L4	N/A	Japan		1-4-4	L4
AB175717|Chiba-14|N/A|Japan|1-4-4|L4	N/A	Japan		1-4-4	L4
AB175721|Gu922M|N/A|Japan|1-4-4|L4	N/A	Japan		1-4-4	L4
AB175722|Ibaraki-3|N/A|Japan|1-4-4|L4	N/A	Japan		1-4-4	L4
D45852|EDRD-1|N/A|Japan|1-4-4|L4	N/A	Japan		1-4-4	L4
EU756064|PRRSV0000004558|1999|USA|2-5-2|L5A	1999	USA		2-5-2	L5A
DQ475320|PRRSV0000711|2001|USA_NC|2-5-2|L5A	2001	USA	NC	2-5-2	L5A
DQ475475|PRRSV0000907|2001|USA_MO|2-6-2|L5A	2001	USA	MO	2-6-2	L5A
EU756953|PRRSV0000006293|2001|USA_NC|2-71-2|L5A	2001	USA	NC	2-71-2	L5A
EU758490|PRRSV0000008418|2006|USA_MO|2-5-2|L5A	2006	USA	MO	2-5-2	L5A
KU504155|PRRSV2-USA-NP36-2006|2006|USA|2-5-2|L5A	2006	USA		2-5-2	L5A
EU759633|PRRSV2000000473|2007|USA_MN|2-5-2|L5A	2007	USA	MN	2-5-2	L5A
KU504161|PRRSV2-USA-NP43-2008|2008|USA|2-5-2|L5A	2008	USA		2-5-2	L5A
OR293739|USA/IA/35478/2008|2008|USA_IA|2-5-2|L5A	2008	USA	IA	2-5-2	L5A
KX462792|A2MC2|2012|USA|2-5-2|L5A	2012	USA		2-5-2	L5A
OR293740|USA/IN/1016-B/2012|2012|USA_IN|2-5-2|L5A	2012	USA	IN	2-5-2	L5A
OR293741|USA/UT/6792-9/2012|2012|USA_UT|2-5-2|L5A	2012	USA	UT	2-5-2	L5A
OR293742|USA/IA/8638-43/2012|2012|USA_IA|2-5-2|L5A	2012	USA	IA	2-5-2	L5A
OR293743|USA/IA/45777-8/2012|2012|USA_IA|2-5-2|L5A	2012	USA	IA	2-5-2	L5A
OR293744|USA/IL/54907-D/2012|2012|USA_IL|2-5-2|L5A	2012	USA	IL	2-5-2	L5A
KT904278|PRRSV2-USA-AP1681-2013|2013|USA|2-5-2|L5A	2013	USA		2-5-2	L5A
OR293745|USA/IA/5799-B/2013|2013|USA_IA|2-5-2|L5A	2013	USA	IA	2-5-2	L5A
OR293746|USA/IN/14554-4/2013|2013|USA_IN|2-5-2|L5A	2013	USA	IN	2-5-2	L5A
OR293747|USA/IA/17058-96/2013|2013|USA_IA|2-5-2|L5A	2013	USA	IA	2-5-2	L5A
OR293748|USA/IA/39874-2/2013|2013|USA_IA|2-5-2|L5A	2013	USA	IA	2-5-2	L5A
OR293749|USA/CO/47059-2/2013|2013|USA_CO|2-5-2|L5A	2013	USA	CO	2-5-2	L5A
OR293750|USA/IA/24938/2014|2014|USA_IA|2-5-2|L5A	2014	USA	IA	2-5-2	L5A
OR293751|USA/IA/26054-2/2014|2014|USA_IA|2-5-2|L5A	2014	USA	IA	2-5-2	L5A
OR293752|USA/KS/40099-13/2014|2014|USA_KS|2-5-2|L5A	2014	USA	KS	2-5-2	L5A
OR293753|Mexico/46432-3/2015|2015|Mexico|2-5-2|L5A	2015	Mexico		2-5-2	L5A
OR293754|USA/IL/14582/2016|2016|USA_IL|2-5-2|L5A	2016	USA	IL	2-5-2	L5A
OR293755|USA/IA/43985-1/2016|2016|USA_IA|2-5-2|L5A	2016	USA	IA	2-5-2	L5A
OR293756|USA/MO/67040-3/2016|2016|USA_MO|2-5-2|L5A	2016	USA	MO	2-5-2	L5A
OR293757|USA/MO/43019-GA/2017|2017|USA_MO|2-5-2|L5A	2017	USA	MO	2-5-2	L5A
OR293758|USA/CO/45066-1/2017|2017|USA_CO|2-5-2|L5A	2017	USA	CO	2-5-2	L5A
OR293759|USA/KS/60753-GF/2017|2017|USA_KS|2-5-2|L5A	2017	USA	KS	2-5-2	L5A
OR293760|USA/NC/79925-GA/2017|2017|USA_NC|2-5-2|L5A	2017	USA	NC	2-5-2	L5A
OR293761|USA/IA/19811-2/2018|2018|USA_IA|2-5-2|L5A	2018	USA	IA	2-5-2	L5A
OR293762|Mexico/8972-1/2019|2019|Mexico|2-5-2|L5A	2019	Mexico		2-5-2	L5A
OR293763|Mexico/83554-1/2019|2019|Mexico|2-5-2|L5A	2019	Mexico		2-5-2	L5A
OR293764|USA/OK/89703-1/2019|2019|USA_OK|2-5-2|L5A	2019	USA	OK	2-5-2	L5A
OR293765|USA/IA/92957-GB/2019|2019|USA_IA|2-5-2|L5A	2019	USA	IA	2-5-2	L5A
OR293766|USA/NE/93403-GA/2019|2019|USA_NE|2-5-2|L5A	2019	USA	NE	2-5-2	L5A
OR293767|USA/IA/2915-1/2020|2020|USA_IA|2-5-2|L5A	2020	USA	IA	2-5-2	L5A
OR293768|USA/IA/37611-GA/2020|2020|USA_IA|2-5-2|L5A	2020	USA	IA	2-5-2	L5A
OR293769|USA/IA/37617-6/2020|2020|USA_IA|2-5-2|L5A	2020	USA	IA	2-5-2	L5A
OR293770|USA/NE/20652-GD/2020|2020|USA_NE|2-5-2|L5A	2020	USA	NE	2-5-2	L5A
OR293771|USA/MO/19203-GA/2021|2021|USA_MO|2-5-2|L5A	2021	USA	MO	2-5-2	L5A
OR293772|USA/IL/59813-1/2021|2021|USA_IL|2-5-2|L5A	2021	USA	IL	2-5-2	L5A
OR293773|USA/MO/63075-GI/2021|2021|USA_MO|2-5-2|L5A	2021	USA	MO	2-5-2	L5A
OR293774|USA/IA/64782-1/2021|2021|USA_IA|2-5-2|L5A	2021	USA	IA	2-5-2	L5A
AF066183|RespPRRS vaccine|N/A|null|2-5-2|L5A	N/A	null		2-5-2	L5A
DQ477615|PRRSV0003570|1999|USA|1-4-2|L5B	1999	USA		1-4-2	L5B
EU556155|1999-15286|1999|USA|1-4-2|L5B	1999	USA		1-4-2	L5B
EU556156|1999-17076|1999|USA|1-4-2|L5B	1999	USA		1-4-2	L5B
EU755913|PRRSV0000003504|1999|USA_SD|1-4-2|L5B	1999	USA	SD	1-4-2	L5B
DQ475126|PRRSV0000468|2000|USA_MN|1-4-2|L5B	2000	USA	MN	1-4-2	L5B
DQ475254|PRRSV0000635|2000|USA|1-4-2|L5B	2000	USA		1-4-2	L5B
KY348853|3805-00|2000|USA|1-4-2|L5B	2000	USA		1-4-2	L5B
DQ475373|PRRSV0000777|2001|USA_NC|1-4-2|L5B	2001	USA	NC	1-4-2	L5B
DQ475506|PRRSV0000948|2001|USA_MN|1-4-2|L5B	2001	USA	MN	1-4-2	L5B
DQ475666|PRRSV0001134|2002|USA_MN|1-4-2|L5B	2002	USA	MN	1-4-2	L5B
DQ476017|PRRSV0001573|2002|USA_MN|1-4-2|L5B	2002	USA	MN	1-4-2	L5B
EU757122|PRRSV0000006494|2002|USA_IA|1-4-2|L5B	2002	USA	IA	1-4-2	L5B
DQ476089|PRRSV0001657|2003|USA_MN|1-3-2|L5B	2003	USA	MN	1-3-2	L5B
DQ476586|PRRSV0002301|2003|USA_MN|1-4-2|L5B	2003	USA	MN	1-4-2	L5B
OR293775|USA/IA/10113/2003|2003|USA_IA|1-4-2|L5B	2003	USA	IA	1-4-2	L5B
OR293776|USA/IA/11602/2003|2003|USA_IA|1-4-2|L5B	2003	USA	IA	1-4-2	L5B
OR293777|USA/IA/33051/2003|2003|USA_IA|1-3-2|L5B	2003	USA	IA	1-3-2	L5B
OR293778|USA/IL/33220-D/2003|2003|USA_IL|1-3-2|L5B	2003	USA	IL	1-3-2	L5B
DQ478013|PRRSV0004070|2005|USA_MN|1-4-2|L5B	2005	USA	MN	1-4-2	L5B
KU502291|PRRSV2-USA-CB785-2006|2006|USA|1-4-2|L5B	2006	USA		1-4-2	L5B
EU755456|PRRSV0000000701|2000|USA_NE|1-3-4|L6	2000	USA	NE	1-3-4	L6
KU503067|PRRSV2-USA-LS1611-2003|2003|USA|1-3-4|L6	2003	USA		1-3-4	L6
OR293779|USA/IA/10138/2003|2003|USA_IA|1-3-4|L6	2003	USA	IA	1-3-4	L6
DQ477134|PRRSV0002965|2004|USA_NE|1-3-3|L6	2004	USA	NE	1-3-3	L6
DQ477211|PRRSV0003073|2004|USA|1-X-4|L6	2004	USA		1-X-4	L6
EU756212|PRRSV0000005231|2005|USA_NE|1-3-4|L6	2005	USA	NE	1-3-4	L6
EU756315|PRRSV0000005337|2005|USA_NE|1-3-4|L6	2005	USA	NE	1-3-4	L6
EU758174|PRRSV0000007993|2005|USA_NE|1-3-4|L6	2005	USA	NE	1-3-4	L6
OR293780|USA/IA/31789/2005|2005|USA_IA|1-3-4|L6	2005	USA	IA	1-3-4	L6
OR293781|USA/IA/25541-16/2005|2005|USA_IA|1-3-4|L6	2005	USA	IA	1-3-4	L6
EU756419|PRRSV0000005441|2006|USA_NE|1-3-2|L6	2006	USA	NE	1-3-2	L6
EU756545|PRRSV0000005533|2006|USA_NE|1-3-4|L6	2006	USA	NE	1-3-4	L6
EU758602|PRRSV0000008561|2006|USA_IA|1-3-4|L6	2006	USA	IA	1-3-4	L6
EU758748|PRRSV0000008732|2006|USA_IA|1-3-4|L6	2006	USA	IA	1-3-4	L6
EU758800|PRRSV0000008793|2006|USA_IA|1-3-4|L6	2006	USA	IA	1-3-4	L6
EU758897|PRRSV0000008919|2007|USA_MN|1-3-4|L6	2007	USA	MN	1-3-4	L6
EU759249|PRRSV2000000081|2007|USA_MN|1-1-4|L6	2007	USA	MN	1-1-4	L6
OR293782|USA/IA/307/2007|2007|USA_IA|1-3-2|L6	2007	USA	IA	1-3-2	L6
OR293783|USA/IA/1474-B/2007|2007|USA_IA|1-3-4|L6	2007	USA	IA	1-3-4	L6
OR293784|USA/NE/51647-7/2007|2007|USA_NE|1-3-2|L6	2007	USA	NE	1-3-2	L6
KU504101|PRRSV2-USA-NP304-2008|2008|USA|1-3-4|L6	2008	USA		1-3-4	L6
OR293785|USA/IA/14632/2008|2008|USA_IA|1-3-4|L6	2008	USA	IA	1-3-4	L6
KU503734|PRRSV2-USA-LS800-2010|2010|USA|1-3-4|L6	2010	USA		1-3-4	L6
KU504079|PRRSV2-USA-NP281-2010|2010|USA|1-3-4|L6	2010	USA		1-3-4	L6
OR293786|USA/KS/10092-4/2010|2010|USA_KS|1-3-4|L6	2010	USA	KS	1-3-4	L6
KU501969|PRRSV2-USA-CB403-2011|2011|USA|1-3-2|L6	2011	USA		1-3-2	L6
KU503736|PRRSV2-USA-LS802-2011|2011|USA|1-3-4|L6	2011	USA		1-3-4	L6
OR293787|USA/KS/17387-11/2012|2012|USA_KS|1-3-4|L6	2012	USA	KS	1-3-4	L6
OR293788|USA/NE/56268-2/2012|2012|USA_NE|1-1-4|L6	2012	USA	NE	1-1-4	L6
OR293789|USA/NE/6151-1/2013|2013|USA_NE|1-3-4|L6	2013	USA	NE	1-3-4	L6
OR293790|USA/KS/8301-9/2013|2013|USA_KS|1-3-4|L6	2013	USA	KS	1-3-4	L6
DQ475106|PRRSV0000445|2000|USA_OH|1-4-4|L7	2000	USA	OH	1-4-4	L7
DQ475113|PRRSV0000454|2000|USA_NE|1-4-3|L7	2000	USA	NE	1-4-3	L7
DQ475116|PRRSV0000458|2000|USA_MN|1-4-4|L7	2000	USA	MN	1-4-4	L7
DQ477901|PRRSV0003910|2000|USA|1-4-4|L7	2000	USA		1-4-4	L7
DQ476903|PRRSV0002684|2004|USA_MN|1-4-4|L7	2004	USA	MN	1-4-4	L7
OR293791|USA/IA/70014-GD/2014|2014|USA_IA|1-4-4|L7	2014	USA	IA	1-4-4	L7
OR293792|USA/NE/70499-GB/2014|2014|USA_NE|1-4-4|L7	2014	USA	NE	1-4-4	L7
OR293793|USA/NE/70499-GO/2014|2014|USA_NE|1-4-4|L7	2014	USA	NE	1-4-4	L7
OR293794|USA/IA/5222-GC/2015|2015|USA_IA|1-4-4|L7	2015	USA	IA	1-4-4	L7
OR293795|USA/IA/36073-1/2015|2015|USA_IA|1-4-4|L7	2015	USA	IA	1-4-4	L7
OR293796|USA/IN/61190-1/2015|2015|USA_IN|1-4-4|L7	2015	USA	IN	1-4-4	L7
OR293797|USA/OH/78350-1/2015|2015|USA_OH|1-4-4|L7	2015	USA	OH	1-4-4	L7
MN500029|14386|2017|USA|1-4-4|L7	2017	USA		1-4-4	L7
MN500032|14434|2017|USA|1-4-4|L7	2017	USA		1-4-4	L7
MN500034|14436|2017|USA|1-4-4|L7	2017	USA		1-4-4	L7
MN500036|14388|2017|USA|1-4-4|L7	2017	USA		1-4-4	L7
OR293798|USA/IL/6330-GB/2017|2017|USA_IL|1-4-4|L7	2017	USA	IL	1-4-4	L7
OR293799|USA/MN/78796-A/2017|2017|USA_MN|1-3-4|L7	2017	USA	MN	1-3-4	L7
OR293800|USA/IA/83749-GC/2017|2017|USA_IA|1-4-4|L7	2017	USA	IA	1-4-4	L7
OR293801|USA/IA/83749-GI/2017|2017|USA_IA|1-4-4|L7	2017	USA	IA	1-4-4	L7
OR293802|USA/VA/86486-GG/2017|2017|USA_VA|1-4-4|L7	2017	USA	VA	1-4-4	L7
OR293803|USA/MN/11065-53/2018|2018|USA_MN|1-4-4|L7	2018	USA	MN	1-4-4	L7
OR293804|USA/IA/55460-GB/2018|2018|USA_IA|1-4-4|L7	2018	USA	IA	1-4-4	L7
OR293805|USA/IL/62497-2/2018|2018|USA_IL|1-4-4|L7	2018	USA	IL	1-4-4	L7
OR293806|USA/IA/70037-9/2018|2018|USA_IA|1-4-4|L7	2018	USA	IA	1-4-4	L7
OR293807|USA/IA/70058-14/2018|2018|USA_IA|1-4-4|L7	2018	USA	IA	1-4-4	L7
OR293808|USA/IL/71722-1/2018|2018|USA_IL|1-4-4|L7	2018	USA	IL	1-4-4	L7
OR293809|USA/IL/842-GD/2019|2019|USA_IL|1-4-4|L7	2019	USA	IL	1-4-4	L7
OR293810|USA/MN/7453-19/2019|2019|USA_MN|1-4-4|L7	2019	USA	MN	1-4-4	L7
OR293811|USA/MN/11136-19/2019|2019|USA_MN|1-4-4|L7	2019	USA	MN	1-4-4	L7
OR293812|USA/IL/17066-2/2019|2019|USA_IL|1-4-4|L7	2019	USA	IL	1-4-4	L7
OR293813|USA/IA/16893-GA/2020|2020|USA_IA|1-4-4|L7	2020	USA	IA	1-4-4	L7
OR293814|USA/MI/51893-5/2020|2020|USA_MI|1-4-4|L7	2020	USA	MI	1-4-4	L7
OR293815|USA/IA/54927-15/2020|2020|USA_IA|1-4-4|L7	2020	USA	IA	1-4-4	L7
OR293816|USA/IL/58740-1/2020|2020|USA_IL|1-4-4|L7	2020	USA	IL	1-4-4	L7
OR293817|USA/MI/75378-32/2020|2020|USA_MI|1-4-4|L7	2020	USA	MI	1-4-4	L7
OR293818|USA/IA/78801-1/2020|2020|USA_IA|1-4-4|L7	2020	USA	IA	1-4-4	L7
OR293819|USA/MI/61883-11/2021|2021|USA_MI|1-4-4|L7	2021	USA	MI	1-4-4	L7
OR293820|USA/IL/65547-17/2021|2021|USA_IL|1-4-4|L7	2021	USA	IL	1-4-4	L7
OR293821|USA/IA/105283-1/2021|2021|USA_IA|1-4-4|L7	2021	USA	IA	1-4-4	L7
AF066384|PrimePac PRRS vaccine|N/A|null|1-4-4|L7	N/A	null		1-4-4	L7
EU755424|PRRSV0000000443|2000|USA|1-4-2|L8A	2000	USA		1-4-2	L8A
KU502756|PRRSV2-USA-LS1278-2003|2003|USA|1-4-2|L8A	2003	USA		1-4-2	L8A
EU756084|PRRSV0000004580|2004|USA|1-4-2|L8A	2004	USA		1-4-2	L8A
KU502424|PRRSV2-USA-CB929-2005|2005|USA|1-4-2|L8A	2005	USA		1-4-2	L8A
OR293822|USA/IA/30413/2005|2005|USA_IA|1-4-2|L8A	2005	USA	IA	1-4-2	L8A
OR293823|USA/IA/3706-2/2005|2005|USA_IA|1-4-2|L8A	2005	USA	IA	1-4-2	L8A
OR293824|USA/IA/33210/2006|2006|USA_IA|1-4-2|L8A	2006	USA	IA	1-4-2	L8A
OR293825|USA/IA/8307/2007|2007|USA_IA|1-4-2|L8A	2007	USA	IA	1-4-2	L8A
OR293826|USA/IA/27802/2007|2007|USA_IA|1-4-4|L8A	2007	USA	IA	1-4-4	L8A
OR293827|USA/IA/44431/2007|2007|USA_IA|1-4-4|L8A	2007	USA	IA	1-4-4	L8A
OR293828|USA/IA/23116-A/2007|2007|USA_IA|1-4-2|L8A	2007	USA	IA	1-4-2	L8A
OR293829|USA/IA/27052-A/2007|2007|USA_IA|1-4-2|L8A	2007	USA	IA	1-4-2	L8A
KT902040|PRRSV2-USA-AP2911-2008|2008|USA|1-4-4|L8A	2008	USA		1-4-4	L8A
MN501488|10003|2009|USA|1-4-2|L8A	2009	USA		1-4-2	L8A
MN501779|10085|2009|USA|1-4-2|L8A	2009	USA		1-4-2	L8A
OR293830|USA/IA/29021/2009|2009|USA_IA|1-4-2|L8A	2009	USA	IA	1-4-2	L8A
OR293831|USA/IA/34988-C/2009|2009|USA_IA|1-4-2|L8A	2009	USA	IA	1-4-2	L8A
OR293832|USA/IA/33501-13/2010|2010|USA_IA|1-4-6|L8A	2010	USA	IA	1-4-6	L8A
KU501876|PRRSV2-USA-CB1112-2011|2011|USA|1-4-2|L8A	2011	USA		1-4-2	L8A
OR293833|USA/IA/11392-34/2011|2011|USA_IA|1-4-2|L8A	2011	USA	IA	1-4-2	L8A
OR293834|USA/IA/18676-5/2011|2011|USA_IA|1-4-2|L8A	2011	USA	IA	1-4-2	L8A
OR293835|USA/IA/28700-4/2011|2011|USA_IA|1-4-2|L8A	2011	USA	IA	1-4-2	L8A
OR293836|USA/IA/38836-31/2011|2011|USA_IA|1-4-2|L8A	2011	USA	IA	1-4-2	L8A
KU502497|PRRSV2-USA-LS1010-2012|2012|USA|1-4-2|L8A	2012	USA		1-4-2	L8A
KU502705|PRRSV2-USA-LS1231-2012|2012|USA|1-4-2|L8A	2012	USA		1-4-2	L8A
KU503918|PRRSV2-USA-LS998-2012|2012|USA|1-4-2|L8A	2012	USA		1-4-2	L8A
OR293837|USA/IA/9573-36/2012|2012|USA_IA|1-4-2|L8A	2012	USA	IA	1-4-2	L8A
KU503911|PRRSV2-USA-LS991-2014|2014|USA|1-4-2|L8A	2014	USA		1-4-2	L8A
OR293838|USA/MN/1855/2014|2014|USA_MN|1-4-2|L8A	2014	USA	MN	1-4-2	L8A
OR293839|USA/IA/78972-A/2015|2015|USA_IA|1-4-2|L8A	2015	USA	IA	1-4-2	L8A
OR293840|USA/IA/42385-3/2017|2017|USA_IA|1-4-2|L8A	2017	USA	IA	1-4-2	L8A
OR293841|USA/IA/75702-1/2017|2017|USA_IA|1-4-2|L8A	2017	USA	IA	1-4-2	L8A
OR293842|USA/CO/7515-5/2021|2021|USA_CO|1-4-2|L8A	2021	USA	CO	1-4-2	L8A
OR293843|USA/MO/57338-3/2021|2021|USA_MO|1-4-2|L8A	2021	USA	MO	1-4-2	L8A
AY656991|Ingelvac ATP|N/A|null|1-4-2|L8A	N/A	null		1-4-2	L8A
DQ477813|PRRSV0003806|2000|USA|1-4-2|L8B	2000	USA		1-4-2	L8B
EU757312|PRRSV0000006703|2003|USA_OK|1-2-4|L8B	2003	USA	OK	1-2-4	L8B
EU757527|PRRSV0000006968|2003|USA_OK|1-2-4|L8B	2003	USA	OK	1-2-4	L8B
DQ474885|PRRSV0000149|2004|USA|1-2-1|L8B	2004	USA		1-2-1	L8B
DQ476682|PRRSV0002412|2004|USA_OK|1-4-4|L8B	2004	USA	OK	1-4-4	L8B
DQ476945|PRRSV0002736|2004|USA_OK|1-4-4|L8B	2004	USA	OK	1-4-4	L8B
DQ478195|PRRSV0004307|2005|USA_MN|1-2-4|L8B	2005	USA	MN	1-2-4	L8B
DQ478393|PRRSV0004544|2005|USA_OK|1-3-2|L8B	2005	USA	OK	1-3-2	L8B
EU756308|PRRSV0000005330|2005|USA_OK|1-2-4|L8B	2005	USA	OK	1-2-4	L8B
EU757933|PRRSV0000007618|2005|USA_MN|1-2-4|L8B	2005	USA	MN	1-2-4	L8B
EU756499|PRRSV0000005487|2006|USA_WI|1-3-4|L8B	2006	USA	WI	1-3-4	L8B
OR293844|USA/IA/5438-B/2006|2006|USA_IA|1-2-1|L8B	2006	USA	IA	1-2-1	L8B
OR293845|USA/OK/33231-3/2006|2006|USA_OK|1-2-4|L8B	2006	USA	OK	1-2-4	L8B
OR293846|USA/IA/33925-B/2006|2006|USA_IA|1-2-4|L8B	2006	USA	IA	1-2-4	L8B
EU759556|PRRSV2000000393|2007|USA_OK|1-3-4|L8B	2007	USA	OK	1-3-4	L8B
OR293847|USA/OK/10232-C/2007|2007|USA_OK|1-3-4|L8B	2007	USA	OK	1-3-4	L8B
OR293848|USA/TX/30149/2008|2008|USA_TX|1-17-4|L8B	2008	USA	TX	1-17-4	L8B
OR293849|USA/OK/5505-3/2008|2008|USA_OK|1-6-4|L8B	2008	USA	OK	1-6-4	L8B
OR293850|USA/OK/10065-3/2008|2008|USA_OK|1-17-4|L8B	2008	USA	OK	1-17-4	L8B
OR293851|USA/IA/358-A/2009|2009|USA_IA|1-17-4|L8B	2009	USA	IA	1-17-4	L8B
OR293852|USA/TX/23621-G/2009|2009|USA_TX|1-2-4|L8B	2009	USA	TX	1-2-4	L8B
OR293853|USA/OK/34630/2010|2010|USA_OK|1-2-4|L8B	2010	USA	OK	1-2-4	L8B
OR293854|USA/IA/1657-3/2010|2010|USA_IA|1-4-4|L8B	2010	USA	IA	1-4-4	L8B
OR293855|USA/OK/2382-8/2010|2010|USA_OK|1-3-4|L8B	2010	USA	OK	1-3-4	L8B
OR293856|USA/OK/13022-F/2010|2010|USA_OK|1-2-8|L8B	2010	USA	OK	1-2-8	L8B
OR293857|USA/OK/17669-E/2010|2010|USA_OK|1-2-8|L8B	2010	USA	OK	1-2-8	L8B
OR293858|USA/TX/19805-B/2010|2010|USA_TX|1-1-4|L8B	2010	USA	TX	1-1-4	L8B
OR293859|USA/OK/26549-C/2010|2010|USA_OK|1-3-4|L8B	2010	USA	OK	1-3-4	L8B
OR293860|USA/IA/36241-1/2010|2010|USA_IA|1-4-4|L8B	2010	USA	IA	1-4-4	L8B
OR293861|USA/IA/27619/2011|2011|USA_IA|1-3-4|L8B	2011	USA	IA	1-3-4	L8B
OR293862|USA/OK/7047-8/2011|2011|USA_OK|1-2-4|L8B	2011	USA	OK	1-2-4	L8B
OR293863|USA/IA/36043-C/2011|2011|USA_IA|1-3-4|L8B	2011	USA	IA	1-3-4	L8B
OR293864|USA/NE/11374/2012|2012|USA_NE|1-3-2|L8B	2012	USA	NE	1-3-2	L8B
OR293865|USA/IA/5974-1/2012|2012|USA_IA|1-2-4|L8B	2012	USA	IA	1-2-4	L8B
OR293866|USA/IA/5974-6/2012|2012|USA_IA|1-2-4|L8B	2012	USA	IA	1-2-4	L8B
OR293867|USA/IA/17211-B/2013|2013|USA_IA|1-6-3|L8B	2013	USA	IA	1-6-3	L8B
OR293868|USA/OK/48901-2/2013|2013|USA_OK|1-2-4|L8B	2013	USA	OK	1-2-4	L8B
OR293869|USA/OK/974-4/2014|2014|USA_OK|1-2-4|L8B	2014	USA	OK	1-2-4	L8B
OR293984|USA/UT/28759-GA/2021|2021|USA_UT|1-4-2|L8C	2021	USA	UT	1-4-2	L8C
OR293985|USA/UT/49975-GL/2021|2021|USA_UT|1-4-2|L8C	2021	USA	UT	1-4-2	L8C
OR293986|USA/UT/75686-2/2021|2021|USA_UT|1-3-1|L8C	2021	USA	UT	1-3-1	L8C
OR293987|USA/UT/32080-GB/2021|2021|USA_UT|1-4-2|L8C	2021	USA	UT	1-4-2	L8C
OR293988|USA/UT/57812-15/2021|2021|USA_UT|1-4-2|L8C	2021	USA	UT	1-4-2	L8C
OR293989|USA/UT/60655-15/2021|2021|USA_UT|1-4-2|L8C	2021	USA	UT	1-4-2	L8C
OR293990|USA/UT/51067-3/2021|2021|USA_UT|1-4-2|L8C	2021	USA	UT	1-4-2	L8C
OR293991|USA/UT/67623-23/2021|2021|USA_UT|1-4-2|L8C	2021	USA	UT	1-4-2	L8C
OR293992|USA/UT/47707-8/2021|2021|USA_UT|1-4-2|L8C	2021	USA	UT	1-4-2	L8C
OR293993|USA/UT/45327-GA/2021|2021|USA_UT|1-4-2|L8C	2021	USA	UT	1-4-2	L8C
OR293994|USA/UT/57846-5/2021|2021|USA_UT|1-4-2|L8C	2021	USA	UT	1-4-2	L8C
OR293995|USA/UT/54603-16/2021|2021|USA_UT|1-4-2|L8C	2021	USA	UT	1-4-2	L8C
OR293996|USA/UT/70741-GB/2021|2021|USA_UT|1-4-2|L8C	2021	USA	UT	1-4-2	L8C
OR293997|USA/UT/94857-2/2021|2021|USA_UT|1-4-2|L8C	2021	USA	UT	1-4-2	L8C
OR293998|USA/UT/49931-9/2021|2021|USA_UT|1-4-2|L8C	2021	USA	UT	1-4-2	L8C
OR293999|USA/UT/37835-4/2021|2021|USA_UT|1-3-1|L8C	2021	USA	UT	1-3-1	L8C
OR294000|USA/UT/8380-GB/2021|2021|USA_UT|1-4-2|L8C	2021	USA	UT	1-4-2	L8C
OR294001|USA/UT/40865-6/2021|2021|USA_UT|1-4-2|L8C	2021	USA	UT	1-4-2	L8C
OR294002|USA/UT/78464-GB/2021|2021|USA_UT|1-4-2|L8C	2021	USA	UT	1-4-2	L8C
OR294003|USA/UT/54442-GC/2021|2021|USA_UT|1-4-2|L8C	2021	USA	UT	1-4-2	L8C
OR294004|USA/UT/54606-21/2021|2021|USA_UT|1-4-2|L8C	2021	USA	UT	1-4-2	L8C
OR294005|USA/UT/110440-3/2021|2021|USA_UT|1-4-2|L8C	2021	USA	UT	1-4-2	L8C
OR294006|USA/UT/110026-3/2021|2021|USA_UT|1-4-2|L8C	2021	USA	UT	1-4-2	L8C
OR294007|USA/IA/60390-3/2021|2021|USA_IA|1-4-1|L8C	2021	USA	IA	1-4-1	L8C
OR294008|USA/UT/40894-GB/2021|2021|USA_UT|1-4-2|L8C	2021	USA	UT	1-4-2	L8C
OR294009|USA/UT/19425-4/2021|2021|USA_UT|1-3-1|L8C	2021	USA	UT	1-3-1	L8C
OR293870|USA/IA/45532-5/2012|2012|USA_IA|1-3-2|L8C	2012	USA	IA	1-3-2	L8C
OR293871|USA/OH/11550-GA/2013|2013|USA_OH|1-3-2|L8C	2013	USA	OH	1-3-2	L8C
MN498787|13894|2014|USA|1-3-2|L8C	2014	USA		1-3-2	L8C
OR293872|USA/IA/14251-145/2014|2014|USA_IA|1-4-2|L8C	2014	USA	IA	1-4-2	L8C
OR293873|USA/IA/65274-A/2015|2015|USA_IA|1-3-2|L8C	2015	USA	IA	1-3-2	L8C
OR293874|USA/IN/75536-A/2015|2015|USA_IN|1-3-2|L8C	2015	USA	IN	1-3-2	L8C
OR293875|USA/NC/17832-1/2016|2016|USA_NC|1-1-2|L8C	2016	USA	NC	1-1-2	L8C
OR293876|USA/IN/18304-1/2016|2016|USA_IN|1-3-2|L8C	2016	USA	IN	1-3-2	L8C
OR293877|USA/IA/19768-A/2016|2016|USA_IA|1-3-2|L8C	2016	USA	IA	1-3-2	L8C
OR293878|USA/OH/29481-3/2016|2016|USA_OH|1-3-2|L8C	2016	USA	OH	1-3-2	L8C
OR293879|USA/AZ/43710-6/2016|2016|USA_AZ|1-1-2|L8C	2016	USA	AZ	1-1-2	L8C
OR293880|USA/AZ/51308-GH/2016|2016|USA_AZ|1-4-2|L8C	2016	USA	AZ	1-4-2	L8C
OR293881|USA/IA/52346-3/2016|2016|USA_IA|1-1-2|L8C	2016	USA	IA	1-1-2	L8C
OR293882|USA/IL/59028-1/2016|2016|USA_IL|1-3-2|L8C	2016	USA	IL	1-3-2	L8C
OR293883|USA/IL/59103-1/2016|2016|USA_IL|1-3-2|L8C	2016	USA	IL	1-3-2	L8C
OR293884|USA/IA/6700-7/2017|2017|USA_IA|1-3-2|L8C	2017	USA	IA	1-3-2	L8C
OR293885|USA/IA/17121-GA/2017|2017|USA_IA|1-3-2|L8C	2017	USA	IA	1-3-2	L8C
OR293886|USA/IL/20993-GA/2017|2017|USA_IL|1-3-2|L8C	2017	USA	IL	1-3-2	L8C
OR293887|USA/IA/30112-2/2017|2017|USA_IA|1-1-2|L8C	2017	USA	IA	1-1-2	L8C
OR293888|USA/IL/47935-GE/2017|2017|USA_IL|1-3-1|L8C	2017	USA	IL	1-3-1	L8C
OR293889|USA/NC/54354-1/2017|2017|USA_NC|1-3-2|L8C	2017	USA	NC	1-3-2	L8C
OR293890|USA/IA/65470-38/2017|2017|USA_IA|1-3-2|L8C	2017	USA	IA	1-3-2	L8C
OR293891|USA/IA/15014-6/2018|2018|USA_IA|1-3-2|L8C	2018	USA	IA	1-3-2	L8C
OR293892|USA/UT/58230-GA/2018|2018|USA_UT|1-3-2|L8C	2018	USA	UT	1-3-2	L8C
OR293893|USA/NC/75320-2/2018|2018|USA_NC|1-3-2|L8C	2018	USA	NC	1-3-2	L8C
OR293894|USA/IA/76034-A/2018|2018|USA_IA|1-3-2|L8C	2018	USA	IA	1-3-2	L8C
OR293895|USA/UT/83875-GD/2018|2018|USA_UT|1-4-2|L8C	2018	USA	UT	1-4-2	L8C
OR293896|USA/IN/12793-1/2019|2019|USA_IN|1-4-2|L8C	2019	USA	IN	1-4-2	L8C
OR293897|USA/IL/24440-GC/2019|2019|USA_IL|1-3-2|L8C	2019	USA	IL	1-3-2	L8C
OR293898|USA/IA/47550-2/2019|2019|USA_IA|1-3-2|L8C	2019	USA	IA	1-3-2	L8C
OR293899|USA/UT/66020-GA/2019|2019|USA_UT|1-4-2|L8C	2019	USA	UT	1-4-2	L8C
OR293900|USA/UT/80689-GA/2019|2019|USA_UT|1-3-2|L8C	2019	USA	UT	1-3-2	L8C
OR293901|USA/OH/29790-GA/2020|2020|USA_OH|1-3-2|L8C	2020	USA	OH	1-3-2	L8C
OR293902|USA/OH/42812-2/2020|2020|USA_OH|1-3-2|L8C	2020	USA	OH	1-3-2	L8C
OR293903|USA/UT/51243-2/2020|2020|USA_UT|1-3-19|L8C	2020	USA	UT	1-3-19	L8C
OR293904|USA/IL/5555-6/2020|2020|USA_IL|1-3-2|L8C	2020	USA	IL	1-3-2	L8C
OR293905|USA/NC/85275-1/2020|2020|USA_NC|1-3-2|L8C	2020	USA	NC	1-3-2	L8C
OR293906|USA/IL/9902-9/2020|2020|USA_IL|1-3-2|L8C	2020	USA	IL	1-3-2	L8C
OR293907|USA/UT/51978-5/2021|2021|USA_UT|1-4-2|L8C	2021	USA	UT	1-4-2	L8C
OR293908|USA/UT/91989-2/2021|2021|USA_UT|1-3-2|L8C	2021	USA	UT	1-3-2	L8C
LC557039|Fostera|N/A|Japan|1-3-2|L8C	N/A	Japan		1-3-2	L8C
OR293909|Mexico/41238-5/2014|2014|Mexico|1-6-3|L8D	2014	Mexico		1-6-3	L8D
OR293910|Mexico/41238-6/2014|2014|Mexico|1-6-3|L8D	2014	Mexico		1-6-3	L8D
OR293911|Mexico/2985-3/2015|2015|Mexico|1-6-3|L8D	2015	Mexico		1-6-3	L8D
OR293912|Mexico/5255-14/2015|2015|Mexico|1-6-3|L8D	2015	Mexico		1-6-3	L8D
OR293913|Mexico/5255-27/2015|2015|Mexico|1-6-3|L8D	2015	Mexico		1-6-3	L8D
OR293914|Mexico/24568-2/2015|2015|Mexico|1-6-3|L8D	2015	Mexico		1-6-3	L8D
OR293915|Mexico/69400-9/2015|2015|Mexico|1-6-3|L8D	2015	Mexico		1-6-3	L8D
OR293916|Mexico/81937-1/2015|2015|Mexico|1-6-3|L8D	2015	Mexico		1-6-3	L8D
OR293917|Mexico/18036-3/2016|2016|Mexico|1-6-3|L8D	2016	Mexico		1-6-3	L8D
OR293918|Mexico/48066-14/2016|2016|Mexico|1-6-3|L8D	2016	Mexico		1-6-3	L8D
OR293919|Mexico/5340-3/2017|2017|Mexico|1-1-3|L8D	2017	Mexico		1-1-3	L8D
OR293920|Mexico/33775-1/2018|2018|Mexico|1-6-3|L8D	2018	Mexico		1-6-3	L8D
OR293921|Mexico/34485-3/2018|2018|Mexico|1-6-3|L8D	2018	Mexico		1-6-3	L8D
OR293922|Mexico/37853-1/2018|2018|Mexico|1-1-3|L8D	2018	Mexico		1-1-3	L8D
OR293923|Mexico/70060-2/2018|2018|Mexico|1-6-3|L8D	2018	Mexico		1-6-3	L8D
OR293924|Mexico/72949-1/2018|2018|Mexico|1-6-3|L8D	2018	Mexico		1-6-3	L8D
OR293925|Mexico/73204-1/2018|2018|Mexico|1-6-3|L8D	2018	Mexico		1-6-3	L8D
OR293926|Mexico/74972-1/2018|2018|Mexico|1-5-3|L8D	2018	Mexico		1-5-3	L8D
OR293927|Mexico/2913-1/2019|2019|Mexico|1-6-3|L8D	2019	Mexico		1-6-3	L8D
OR293928|Mexico/8969-1/2019|2019|Mexico|1-10-1|L8D	2019	Mexico		1-10-1	L8D
OR293929|Mexico/18558-2/2019|2019|Mexico|1-6-3|L8D	2019	Mexico		1-6-3	L8D
OR293930|Mexico/24763-1/2019|2019|Mexico|1-6-3|L8D	2019	Mexico		1-6-3	L8D
OR293931|Mexico/41775-1/2019|2019|Mexico|1-10-1|L8D	2019	Mexico		1-10-1	L8D
OR293932|Mexico/42112-1/2019|2019|Mexico|1-6-3|L8D	2019	Mexico		1-6-3	L8D
OR293933|Mexico/51707-1/2019|2019|Mexico|1-6-3|L8D	2019	Mexico		1-6-3	L8D
OR293934|Mexico/61741/2019|2019|Mexico|1-6-1|L8D	2019	Mexico		1-6-1	L8D
OR293935|Mexico/62012/2019|2019|Mexico|1-7-3|L8D	2019	Mexico		1-7-3	L8D
OR293936|Mexico/74504-1/2019|2019|Mexico|1-6-3|L8D	2019	Mexico		1-6-3	L8D
OR293937|Mexico/83553-1/2019|2019|Mexico|1-6-3|L8D	2019	Mexico		1-6-3	L8D
OR293938|Mexico/88901-1/2019|2019|Mexico|1-6-3|L8D	2019	Mexico		1-6-3	L8D
OR293939|Mexico/93771-1/2019|2019|Mexico|1-5-3|L8D	2019	Mexico		1-5-3	L8D
OR293940|Mexico/17100-1/2020|2020|Mexico|1-6-3|L8D	2020	Mexico		1-6-3	L8D
OR293941|Mexico/19113-1/2020|2020|Mexico|1-6-3|L8D	2020	Mexico		1-6-3	L8D
OR293942|Mexico/35409-2/2020|2020|Mexico|1-6-3|L8D	2020	Mexico		1-6-3	L8D
OR293943|Mexico/67153-1/2020|2020|Mexico|1-6-3|L8D	2020	Mexico		1-6-3	L8D
OR293944|Mexico/17623-1/2021|2021|Mexico|1-7-3|L8D	2021	Mexico		1-7-3	L8D
OR293945|Mexico/17624-1/2021|2021|Mexico|1-7-1|L8D	2021	Mexico		1-7-1	L8D
OR293946|Mexico/17625-1/2021|2021|Mexico|1-6-3|L8D	2021	Mexico		1-6-3	L8D
OR293947|Mexico/22400-1/2021|2021|Mexico|1-6-3|L8D	2021	Mexico		1-6-3	L8D
KC618170|GXLSN07-2012|2012|China|1-4-2|L8E	2012	China		1-4-2	L8E
KT961420|FJ1409|2014|China|1-3-3|L8E	2014	China		1-3-3	L8E
AY450301|HZ-X-2003|2003|null|1-4-4|L8E	2003	null		1-4-4	L8E
EU213136|JX-2|2006|China|1-4-3|L8E	2006	China		1-4-3	L8E
EU213140|SDWF2|2007|China|1-4-3|L8E	2007	China		1-4-3	L8E
HM213867|GDJD-2-08|2008|China|1-1-3|L8E	2008	China		1-1-3	L8E
JN543527|SH-08|2008|China|1-3-3|L8E	2008	China		1-3-3	L8E
JN543529|SX40-09|2008|China|1-4-2|L8E	2008	China		1-4-2	L8E
JN885599|GDGG|2008|China|1-4-1|L8E	2008	China		1-4-1	L8E
KF562280|JS0812|2008|China|1-3-3|L8E	2008	China		1-3-3	L8E
GU977227|ZP-1|2009|China|1-3-3|L8E	2009	China		1-3-3	L8E
HQ191493|gx09-137|2009|China|1-3-3|L8E	2009	China		1-3-3	L8E
HQ832145|HUBQJ9|2009|China|1-3-3|L8E	2009	China		1-3-3	L8E
HQ832176|AHAQ2|2009|China|1-3-3|L8E	2009	China		1-3-3	L8E
JF268678|09SD|2009|China|1-3-3|L8E	2009	China		1-3-3	L8E
JN994602|XJ0903|2009|China|1-3-3|L8E	2009	China		1-3-3	L8E
JQ860372|DN292|2009|Vietnam|1-4-3|L8E	2009	Vietnam		1-4-3	L8E
HQ832217|JXZX4|2010|China|1-4-3|L8E	2010	China		1-4-3	L8E
MN507833|HP-TH-CMI025-2010|2010|Thailand|1-3-3|L8E	2010	Thailand		1-3-3	L8E
KC618110|GXLSF12-2011|2011|China|1-4-3|L8E	2011	China		1-4-3	L8E
KF844259|HP-TH-CMI224-2011|2011|Thailand|1-3-3|L8E	2011	Thailand		1-3-3	L8E
KR612135|110104-GD-DC|2011|China|1-4-3|L8E	2011	China		1-4-3	L8E
KR612139|110602-GD-HSYKF|2011|China|1-4-3|L8E	2011	China		1-4-3	L8E
JQ798284|DQ1203033|2012|China|1-4-1|L8E	2012	China		1-4-1	L8E
JQ860382|CT-C1|2012|Vietnam|1-3-3|L8E	2012	Vietnam		1-3-3	L8E
KC617966|GXBS01-2012|2012|China|1-4-3|L8E	2012	China		1-4-3	L8E
KC618113|GXLSF09-2012|2012|China|1-3-3|L8E	2012	China		1-3-3	L8E
KF416318|HENAU-QBS-6|2013|China|1-3-3|L8E	2013	China		1-3-3	L8E
KF768120|13ZHHBaoyu|2013|China|1-4-3|L8E	2013	China		1-4-3	L8E
KM233867|SXLQ01|2013|China|1-4-3|L8E	2013	China		1-4-3	L8E
MG190829|GXHZ131029|2013|China|1-4-3|L8E	2013	China		1-4-3	L8E
KR261777|D54-DN11-VN-2014|2014|Vietnam|1-3-3|L8E	2014	Vietnam		1-3-3	L8E
MF095353|JS15-C5-5|2015|China|1-4-3|L8E	2015	China		1-4-3	L8E
MF095362|JS15-GM3B|2015|China|1-4-3|L8E	2015	China		1-4-3	L8E
MF133284|FJ224|2015|China|1-1-2|L8E	2015	China		1-1-2	L8E
MH220811|MLP-1|2016|India|1-3-3|L8E	2016	India		1-3-3	L8E
MK689087|XJ1704-6|2017|China|1-4-3|L8E	2017	China		1-4-3	L8E
MT811824|YNWH2016|2017|China|1-4-3|L8E	2017	China		1-4-3	L8E
MH579772|PRRSV-CH-HB-HD-2-2018|2018|China|1-2-3|L8E	2018	China		1-2-3	L8E
MN548293|HeNan-JZ2|2018|China|1-4-3|L8E	2018	China		1-4-3	L8E
DQ477520|PRRSV0003459|1999|USA|1-4-2|L9A	1999	USA		1-4-2	L9A
DQ477716|PRRSV0003677|1999|USA_NC|1-4-2|L9A	1999	USA	NC	1-4-2	L9A
DQ474812|PRRSV0000061|2000|USA|1-1-2|L9A	2000	USA		1-1-2	L9A
EU755437|PRRSV0000000513|2000|USA_MN|1-4-2|L9A	2000	USA	MN	1-4-2	L9A
EU756853|PRRSV0000006173|2000|USA_NC|1-4-2|L9A	2000	USA	NC	1-4-2	L9A
DQ475603|PRRSV0001061|2001|USA_MN|1-4-4|L9A	2001	USA	MN	1-4-4	L9A
DQ475950|PRRSV0001486|2002|USA_MN|1-4-1|L9A	2002	USA	MN	1-4-1	L9A
DQ475994|PRRSV0001547|2002|USA_MN|1-4-2|L9A	2002	USA	MN	1-4-2	L9A
EU757123|PRRSV0000006495|2002|USA_IA|1-4-2|L9A	2002	USA	IA	1-4-2	L9A
DQ474987|PRRSV0000284|2003|USA|1-4-2|L9A	2003	USA		1-4-2	L9A
DQ476134|PRRSV0001713|2003|USA_MN|1-4-2|L9A	2003	USA	MN	1-4-2	L9A
DQ476607|PRRSV0002325|2003|USA_MN|1-3-1|L9A	2003	USA	MN	1-3-1	L9A
EU755624|PRRSV0000001814|2003|USA_MN|1-4-1|L9A	2003	USA	MN	1-4-1	L9A
EU755637|PRRSV0000001889|2003|USA_MN|1-4-2|L9A	2003	USA	MN	1-4-2	L9A
OR293948|USA/IA/31442-A/2003|2003|USA_IA|1-3-1|L9A	2003	USA	IA	1-3-1	L9A
DQ474882|PRRSV0000146|2004|USA|1-1-2|L9A	2004	USA		1-1-2	L9A
OR293949|USA/IA/2953/2004|2004|USA_IA|1-4-1|L9A	2004	USA	IA	1-4-1	L9A
EU758202|PRRSV0000008047|2005|USA_IA|1-1-2|L9A	2005	USA	IA	1-1-2	L9A
EU756534|PRRSV0000005522|2006|USA_MN|1-7-4|L9A	2006	USA	MN	1-7-4	L9A
OR293950|USA/OK/863-1/2006|2006|USA_OK|1-3-2|L9A	2006	USA	OK	1-3-2	L9A
OR293951|USA/IA/36789-A/2006|2006|USA_IA|1-7-2|L9A	2006	USA	IA	1-7-2	L9A
OR293952|USA/OK/45807-1/2007|2007|USA_OK|1-4-2|L9A	2007	USA	OK	1-4-2	L9A
OR293953|USA/IA/37053-B/2008|2008|USA_IA|1-4-2|L9A	2008	USA	IA	1-4-2	L9A
OR293954|USA/IA/15645/2009|2009|USA_IA|1-4-2|L9A	2009	USA	IA	1-4-2	L9A
OR293955|USA/IA/18967-26/2009|2009|USA_IA|1-2-2|L9A	2009	USA	IA	1-2-2	L9A
OR293956|USA/IA/30320-24/2010|2010|USA_IA|1-4-2|L9A	2010	USA	IA	1-4-2	L9A
OR293957|USA/IA/10118-C/2012|2012|USA_IA|1-4-1|L9A	2012	USA	IA	1-4-1	L9A
OR293958|USA/IN/2301-2/2013|2013|USA_IN|1-4-2|L9A	2013	USA	IN	1-4-2	L9A
DQ475257|PRRSV0000638|2000|USA_MN|1-2-2|L9B	2000	USA	MN	1-2-2	L9B
DQ475349|PRRSV0000744|2001|USA_MN|1-3-2|L9B	2001	USA	MN	1-3-2	L9B
DQ475623|PRRSV0001083|2002|USA_NE|1-2-2|L9B	2002	USA	NE	1-2-2	L9B
DQ475870|PRRSV0001391|2002|USA_NE|1-2-2|L9B	2002	USA	NE	1-2-2	L9B
DQ475946|PRRSV0001482|2002|USA_MN|1-2-2|L9B	2002	USA	MN	1-2-2	L9B
DQ475999|PRRSV0001552|2002|USA_NE|1-2-2|L9B	2002	USA	NE	1-2-2	L9B
EU757055|PRRSV0000006414|2002|USA_MN|1-3-4|L9B	2002	USA	MN	1-3-4	L9B
DQ476192|PRRSV0001791|2003|USA_MN|1-3-1|L9B	2003	USA	MN	1-3-1	L9B
EU755635|PRRSV0000001887|2003|USA_MN|1-3-1|L9B	2003	USA	MN	1-3-1	L9B
DQ477079|PRRSV0002907|2004|USA_MN|1-3-1|L9B	2004	USA	MN	1-3-1	L9B
EU757762|PRRSV0000007284|2004|USA_MN|1-3-4|L9B	2004	USA	MN	1-3-4	L9B
EU757878|PRRSV0000007543|2004|USA_IA|1-3-4|L9B	2004	USA	IA	1-3-4	L9B
KU501418|PRRSV2-USA-LS68-2004|2004|USA|1-3-4|L9B	2004	USA		1-3-4	L9B
EU757908|PRRSV0000007585|2005|USA_MN|1-3-4|L9B	2005	USA	MN	1-3-4	L9B
OR293959|USA/MN/27985/2005|2005|USA_MN|1-3-4|L9B	2005	USA	MN	1-3-4	L9B
EU756662|PRRSV0000005650|2006|USA_MN|1-4-2|L9B	2006	USA	MN	1-4-2	L9B
KU501704|PRRSV2-USA-LS443-2007|2007|USA|1-3-4|L9B	2007	USA		1-3-4	L9B
KU501722|PRRSV2-USA-LS497-2007|2007|USA|1-3-4|L9B	2007	USA		1-3-4	L9B
KU501729|PRRSV2-USA-LS502-2007|2007|USA|1-3-4|L9B	2007	USA		1-3-4	L9B
KU501734|PRRSV2-USA-LS509-2007|2007|USA|1-3-4|L9B	2007	USA		1-3-4	L9B
KU501690|PRRSV2-USA-LS320-2008|2008|USA|1-3-4|L9B	2008	USA		1-3-4	L9B
KU501746|PRRSV2-USA-LS523-2008|2008|USA|1-3-4|L9B	2008	USA		1-3-4	L9B
KU501771|PRRSV2-USA-LS829-2012|2012|USA|1-3-4|L9B	2012	USA		1-3-4	L9B
KU501702|PRRSV2-USA-LS43-2013|2013|USA|1-3-4|L9B	2013	USA		1-3-4	L9B
KU501735|PRRSV2-USA-LS51-2013|2013|USA|1-3-4|L9B	2013	USA		1-3-4	L9B
DQ475694|PRRSV0001170|2002|USA_NE|1-4-2|L9C	2002	USA	NE	1-4-2	L9C
DQ475771|PRRSV0001259|2002|USA_OH|1-4-2|L9C	2002	USA	OH	1-4-2	L9C
OR293960|USA/IA/34731/2004|2004|USA_IA|1-4-4|L9C	2004	USA	IA	1-4-4	L9C
DQ478210|PRRSV0004325|2005|USA_NC|1-2-2|L9C	2005	USA	NC	1-2-2	L9C
EU757962|PRRSV0000007677|2005|USA_NC|1-4-2|L9C	2005	USA	NC	1-4-2	L9C
OR293961|USA/IA/10180/2005|2005|USA_IA|1-4-2|L9C	2005	USA	IA	1-4-2	L9C
OR293962|USA/IA/12110/2005|2005|USA_IA|1-4-2|L9C	2005	USA	IA	1-4-2	L9C
OR293963|USA/IA/10683-A/2006|2006|USA_IA|1-3-2|L9C	2006	USA	IA	1-3-2	L9C
OR293964|USA/NC/30485-F/2006|2006|USA_NC|1-4-2|L9C	2006	USA	NC	1-4-2	L9C
OR293965|USA/IA/7635/2007|2007|USA_IA|1-33-2|L9C	2007	USA	IA	1-33-2	L9C
OR293966|USA/IA/2885-A/2007|2007|USA_IA|1-4-2|L9C	2007	USA	IA	1-4-2	L9C
OR293967|USA/IL/8438-4/2007|2007|USA_IL|1-4-2|L9C	2007	USA	IL	1-4-2	L9C
KT902037|PRRSV2-USA-AP2908-2008|2008|USA|1-4-2|L9C	2008	USA		1-4-2	L9C
KU501960|PRRSV2-USA-CB391-2008|2008|USA|1-4-4|L9C	2008	USA		1-4-4	L9C
OR293968|USA/NC/9574/2008|2008|USA_NC|1-3-2|L9C	2008	USA	NC	1-3-2	L9C
OR293969|USA/IA/12358-43/2008|2008|USA_IA|1-4-2|L9C	2008	USA	IA	1-4-2	L9C
KT902335|PRRSV2-USA-AP26-2009|2009|USA|1-2-2|L9C	2009	USA		1-2-2	L9C
KT902371|PRRSV2-USA-AP62-2009|2009|USA|1-2-4|L9C	2009	USA		1-2-4	L9C
KT902396|PRRSV2-USA-AP88-2009|2009|USA|1-2-4|L9C	2009	USA		1-2-4	L9C
KT902452|PRRSV2-USA-AP146-2009|2009|USA|1-2-4|L9C	2009	USA		1-2-4	L9C
KT902576|PRRSV2-USA-AP2978-2009|2009|USA|1-2-2|L9C	2009	USA		1-2-2	L9C
MN498576|10056|2009|USA|1-2-2|L9C	2009	USA		1-2-2	L9C
MN502075|10005|2009|USA|1-2-2|L9C	2009	USA		1-2-2	L9C
MN500949|10280|2010|USA|1-2-2|L9C	2010	USA		1-2-2	L9C
OR293970|USA/IA/27070-43/2010|2010|USA_IA|1-2-2|L9C	2010	USA	IA	1-2-2	L9C
KT903059|PRRSV2-USA-AP641-2011|2011|USA|1-2-2|L9C	2011	USA		1-2-2	L9C
KT903294|PRRSV2-USA-AP877-2011|2011|USA|1-2-2|L9C	2011	USA		1-2-2	L9C
OR293971|USA/IA/15432-32/2011|2011|USA_IA|1-4-2|L9C	2011	USA	IA	1-4-2	L9C
OR293972|USA/IA/20246-37/2011|2011|USA_IA|1-2-2|L9C	2011	USA	IA	1-2-2	L9C
KT904402|PRRSV2-USA-AP1842-2013|2013|USA|1-2-2|L9C	2013	USA		1-2-2	L9C
EU755706|PRRSV0000002255|2003|USA_MN|1-7-2|L9D	2003	USA	MN	1-7-2	L9D
OR293973|USA/IA/4511/2003|2003|USA_IA|1-7-2|L9D	2003	USA	IA	1-7-2	L9D
EU755999|PRRSV0000004130|2005|USA_MN|1-7-2|L9D	2005	USA	MN	1-7-2	L9D
GQ468693|ciad041|2005|Mexico|1-2-2|L9D	2005	Mexico		1-2-2	L9D
GQ468708|ciad056|2006|Mexico|1-2-2|L9D	2006	Mexico		1-2-2	L9D
GQ468711|ciad060|2006|Mexico|1-4-2|L9D	2006	Mexico		1-4-2	L9D
GQ468732|ciad085|2006|Mexico|1-4-2|L9D	2006	Mexico		1-4-2	L9D
GQ468736|ciad089|2006|Mexico|1-4-2|L9D	2006	Mexico		1-4-2	L9D
EU759187|PRRSV2000000017|2007|USA_NC|1-4-2|L9D	2007	USA	NC	1-4-2	L9D
OR293974|USA/IA/23605/2007|2007|USA_IA|1-4-2|L9D	2007	USA	IA	1-4-2	L9D
KT902460|PRRSV2-USA-AP154-2009|2009|USA|1-4-2|L9D	2009	USA		1-4-2	L9D
KT902474|PRRSV2-USA-AP168-2009|2009|USA|1-7-2|L9D	2009	USA		1-7-2	L9D
MN499813|10004|2009|USA|1-3-7|L9D	2009	USA		1-3-7	L9D
MN500203|10154|2009|USA|1-4-2|L9D	2009	USA		1-4-2	L9D
OR293975|USA/IL/12279-D/2009|2009|USA_IL|1-4-2|L9D	2009	USA	IL	1-4-2	L9D
OR293976|USA/IA/31466-1/2009|2009|USA_IA|1-4-2|L9D	2009	USA	IA	1-4-2	L9D
KT902629|PRRSV2-USA-AP269-2010|2010|USA|1-3-2|L9D	2010	USA		1-3-2	L9D
KT902666|PRRSV2-USA-AP306-2010|2010|USA|1-2-4|L9D	2010	USA		1-2-4	L9D
KT902831|PRRSV2-USA-AP473-2010|2010|USA|1-4-2|L9D	2010	USA		1-4-2	L9D
MN499355|10297|2010|USA|1-4-2|L9D	2010	USA		1-4-2	L9D
MN501462|10278|2010|USA|1-4-2|L9D	2010	USA		1-4-2	L9D
MN501471|10426|2010|USA|1-3-2|L9D	2010	USA		1-3-2	L9D
KT903041|PRRSV2-USA-AP623-2011|2011|USA|1-2-4|L9D	2011	USA		1-2-4	L9D
MN500740|10596|2011|USA|1-6-2|L9D	2011	USA		1-6-2	L9D
OR293977|USA/IA/103/2011|2011|USA_IA|1-4-2|L9D	2011	USA	IA	1-4-2	L9D
OR293978|USA/IA/11073-A/2011|2011|USA_IA|1-4-2|L9D	2011	USA	IA	1-4-2	L9D
OR293979|USA/IA/11913-3/2011|2011|USA_IA|1-4-2|L9D	2011	USA	IA	1-4-2	L9D
OR293980|USA/IA/14418-8/2011|2011|USA_IA|1-4-2|L9D	2011	USA	IA	1-4-2	L9D
KT903657|PRRSV2-USA-AP1213-2012|2012|USA|1-2-2|L9D	2012	USA		1-2-2	L9D
KT903756|PRRSV2-USA-AP1312-2012|2012|USA|1-2-2|L9D	2012	USA		1-2-2	L9D
EU755954|PRRSV0000003918|1996|USA_MN|1-2-2|L9E	1996	USA	MN	1-2-2	L9E
AF176466|PRRSV44|1997|USA_IL|1-4-2|L9E	1997	USA	IL	1-4-2	L9E
DQ477362|PRRSV0003245|1998|USA_MN|1-4-1|L9E	1998	USA	MN	1-4-1	L9E
DQ477375|PRRSV0003264|1998|USA_MN|1-4-2|L9E	1998	USA	MN	1-4-2	L9E
DQ477400|PRRSV0003303|1998|USA|1-4-2|L9E	1998	USA		1-4-2	L9E
DQ477417|PRRSV0003325|1998|USA_MN|1-4-2|L9E	1998	USA	MN	1-4-2	L9E
DQ477494|PRRSV0003423|1998|USA|1-4-1|L9E	1998	USA		1-4-1	L9E
DQ477506|PRRSV0003442|1998|USA_OK|1-4-2|L9E	1998	USA	OK	1-4-2	L9E
EU755866|PRRSV0000003255|1998|USA_OK|1-4-2|L9E	1998	USA	OK	1-4-2	L9E
EU755876|PRRSV0000003280|1998|USA_SD|1-3-2|L9E	1998	USA	SD	1-3-2	L9E
KU131563|SD98-163-P83|1998|USA|1-4-2|L9E	1998	USA		1-4-2	L9E
DQ477563|PRRSV0003509|1999|USA|1-4-2|L9E	1999	USA		1-4-2	L9E
EU755490|PRRSV0000000997|2001|USA_MN|1-4-2|L9E	2001	USA	MN	1-4-2	L9E
DQ475730|PRRSV0001209|2002|USA_MN|1-4-2|L9E	2002	USA	MN	1-4-2	L9E
DQ475966|PRRSV0001511|2002|USA_MN|1-4-2|L9E	2002	USA	MN	1-4-2	L9E
DQ476133|PRRSV0001712|2003|USA_MN|1-4-2|L9E	2003	USA	MN	1-4-2	L9E
EU755612|PRRSV0000001773|2003|USA_IA|1-4-2|L9E	2003	USA	IA	1-4-2	L9E
OR293981|USA/MI/24605-A/2003|2003|USA_MI|1-4-1|L9E	2003	USA	MI	1-4-1	L9E
EU759347|PRRSV2000000180|2007|USA_MN|1-4-2|L9E	2007	USA	MN	1-4-2	L9E
OR293982|USA/IA/43225/2013|2013|USA_IA|1-4-2|L9E	2013	USA	IA	1-4-2	L9E
JN002284|1AN10US|2010|Thailand|1-30-4|L10	2010	Thailand		1-30-4	L10
JN002290|2AF10US|2010|Thailand|1-30-4|L10	2010	Thailand		1-30-4	L10
JN002291|1JYN10US|2010|Thailand|1-30-4|L10	2010	Thailand		1-30-4	L10
JN002294|RR10US|2010|Thailand|1-30-4|L10	2010	Thailand		1-30-4	L10
JN002296|HUA10US|2010|Thailand|1-30-4|L10	2010	Thailand		1-30-4	L10
JN002297|1AND10US|2010|Thailand|1-30-4|L10	2010	Thailand		1-30-4	L10
JN002310|1PCN2S10US|2010|Thailand|1-2-4|L10	2010	Thailand		1-2-4	L10
JN255831|UD1210US/62-A04|2010|Thailand|1-30-4|L10	2010	Thailand		1-30-4	L10
JQ040772|AF1108US|2010|Thailand|1-30-4|L10	2010	Thailand		1-30-4	L10
JQ040775|AS12US7.71-D03|2010|Thailand|1-30-4|L10	2010	Thailand		1-30-4	L10
JQ040780|AN06US4.20-1|2010|Thailand|1-30-4|L10	2010	Thailand		1-30-4	L10
JQ040784|AG04US2.51-1|2010|Thailand|1-30-4|L10	2010	Thailand		1-30-4	L10
JQ040787|AS05US3.38-1|2010|Thailand|1-16-4|L10	2010	Thailand		1-16-4	L10
JN848639|KPS1_0111-9_US8/9-2_H07|2011|Thailand|1-30-4|L10	2011	Thailand		1-30-4	L10
JN848645|MMR_F0211US11/14-F12|2011|Thailand|1-30-4|L10	2011	Thailand		1-30-4	L10
JN848652|AND_0311_US9/6-A10|2011|Thailand|1-16-4|L10	2011	Thailand		1-16-4	L10
JN848655|AN_S0311_US10/51-B08|2011|Thailand|1-30-4|L10	2011	Thailand		1-30-4	L10
JN848661|HUA_S0411_US10/59-F10|2011|Thailand|1-30-4|L10	2011	Thailand		1-30-4	L10
JN848662|LA_S0411_US10/55-C10|2011|Thailand|1-30-4|L10	2011	Thailand		1-30-4	L10
JN848665|HUA_0511_US11/22-B06|2011|Thailand|1-30-4|L10	2011	Thailand		1-30-4	L10
JN848668|SR_S0511_US11/24-C06|2011|Thailand|1-30-4|L10	2011	Thailand		1-30-4	L10
JN848679|CNY_H0711_US13/43-F08|2011|Thailand|1-30-4|L10	2011	Thailand		1-30-4	L10
JN848690|STH_H0711_US13/32-A08|2011|Thailand|1-30-4|L10	2011	Thailand		1-30-4	L10
JN848692|STH_S0711_US13/31-A10|2011|Thailand|1-30-4|L10	2011	Thailand		1-30-4	L10
JN848693|STE_0711_US13/41-C08|2011|Thailand|1-30-4|L10	2011	Thailand		1-30-4	L10
JN848707|SYA_H0711_US13/30-H09|2011|Thailand|1-30-4|L10	2011	Thailand		1-30-4	L10
JN848714|WTC_S0711_US13/33-B10|2011|Thailand|1-30-4|L10	2011	Thailand		1-30-4	L10
FJ972747|BI548-2000|2000|South Korea|1-5-2|L11	2000	South Korea		1-5-2	L11
FJ972751|BI827-2002|2002|South Korea|1-5-2|L11	2002	South Korea		1-5-2	L11
JQ656136|K05-0076|2005|South Korea|1-10-3|L11	2005	South Korea		1-10-3	L11
JQ656142|K05-0132|2005|South Korea|1-10-2|L11	2005	South Korea		1-10-2	L11
JQ656150|K05-0170|2005|South Korea|1-3-3|L11	2005	South Korea		1-3-3	L11
JQ656157|K05-0234|2005|South Korea|1-10-3|L11	2005	South Korea		1-10-3	L11
JQ656166|K05-0263|2005|South Korea|1-3-3|L11	2005	South Korea		1-3-3	L11
JQ656198|K06-0917|2006|South Korea|1-10-3|L11	2006	South Korea		1-10-3	L11
JQ656230|K06-1600|2006|South Korea|1-10-3|L11	2006	South Korea		1-10-3	L11
FJ972726|PS9-9-V-2007|2007|South Korea|1-1-2|L11	2007	South Korea		1-1-2	L11
FJ972730|MG-1-2007|2007|South Korea|1-3-4|L11	2007	South Korea		1-3-4	L11
JQ656239|K07-0487|2007|South Korea|1-10-4|L11	2007	South Korea		1-10-4	L11
FJ972716|3922-5-V-2008|2008|South Korea|1-10-3|L11	2008	South Korea		1-10-3	L11
JQ656267|K08-1073|2008|South Korea|1-3-1|L11	2008	South Korea		1-3-1	L11
JN809805|e417-2|2009|South Korea|1-3-3|L11	2009	South Korea		1-3-3	L11
JQ656285|K09-1261|2009|South Korea|1-3-4|L11	2009	South Korea		1-3-4	L11
KR154356|K13-017|2013|South Korea|1-3-3|L11	2013	South Korea		1-3-3	L11
KY996353|KU-N1303|2013|South Korea|1-3-4|L11	2013	South Korea		1-3-4	L11
KR154365|K14-042|2014|South Korea|1-10-3|L11	2014	South Korea		1-10-3	L11
KR154424|K14-215|2014|South Korea|1-10-3|L11	2014	South Korea		1-10-3	L11
KU666107|K14-2-N16-GH|2014|South Korea|1-4-3|L11	2014	South Korea		1-4-3	L11
KU666122|K14-2-N31-GH|2014|South Korea|1-4-3|L11	2014	South Korea		1-4-3	L11
KY996360|KU-N1501|2015|South Korea|1-6-4|L11	2015	South Korea		1-6-4	L11
MK057530|KU-N1606|2016|South Korea|1-3-3|L11	2016	South Korea		1-3-3	L11
